0,0, Header,1,3,120
1,0, Start_track
1,0, Tempo,600000
1,0, End_track
2,0, Start_track
2,0, Program_c,9,80
2,500, Note_on_c,9,76,80
2,562, Note_off_c,9,76,0
2,562, Note_on_c,9,72,80
2,624, Note_off_c,9,72,0
2,625, Note_on_c,9,72,80
2,687, Note_off_c,9,72,0
2,687, Note_on_c,9,76,80
2,749, Note_off_c,9,76,0
2,750, Note_on_c,9,79,80
2,812, Note_off_c,9,79,0
2,812, Note_on_c,9,74,80
2,874, Note_off_c,9,74,0
2,875, Note_on_c,9,74,80
2,937, Note_off_c,9,74,0
2,937, Note_on_c,9,79,80
2,999, Note_off_c,9,79,0
2,1000, Note_on_c,9,81,80
2,1062, Note_off_c,9,81,0
2,1062, Note_on_c,9,77,80
2,1124, Note_off_c,9,77,0
2,1125, Note_on_c,9,80,80
2,1187, Note_off_c,9,80,0
2,1187, Note_on_c,9,76,80
2,1249, Note_off_c,9,76,0
2,1250, Note_on_c,9,81,80
2,1374, Note_off_c,9,81,0
2,1500, Note_on_c,9,76,80
2,1562, Note_off_c,9,76,0
2,1562, Note_on_c,9,72,80
2,1624, Note_off_c,9,72,0
2,1625, Note_on_c,9,72,80
2,1687, Note_off_c,9,72,0
2,1687, Note_on_c,9,76,80
2,1749, Note_off_c,9,76,0
2,1750, Note_on_c,9,79,80
2,1812, Note_off_c,9,79,0
2,1812, Note_on_c,9,74,80
2,1874, Note_off_c,9,74,0
2,1875, Note_on_c,9,74,80
2,1937, Note_off_c,9,74,0
2,1937, Note_on_c,9,79,80
2,1999, Note_off_c,9,79,0
2,2000, Note_on_c,9,81,80
2,2062, Note_off_c,9,81,0
2,2062, Note_on_c,9,77,80
2,2124, Note_off_c,9,77,0
2,2125, Note_on_c,9,80,80
2,2187, Note_off_c,9,80,0
2,2187, Note_on_c,9,76,80
2,2249, Note_off_c,9,76,0
2,2250, Note_on_c,9,81,80
2,2374, Note_off_c,9,81,0
2,2500, Note_on_c,9,76,80
2,2562, Note_off_c,9,76,0
2,2562, Note_on_c,9,72,80
2,2624, Note_off_c,9,72,0
2,2625, Note_on_c,9,72,80
2,2687, Note_off_c,9,72,0
2,2687, Note_on_c,9,76,80
2,2749, Note_off_c,9,76,0
2,2750, Note_on_c,9,74,80
2,2812, Note_off_c,9,74,0
2,2812, Note_on_c,9,71,80
2,2874, Note_off_c,9,71,0
2,2875, Note_on_c,9,71,80
2,2937, Note_off_c,9,71,0
2,2937, Note_on_c,9,79,80
2,2999, Note_off_c,9,79,0
2,3000, Note_on_c,9,81,80
2,3062, Note_off_c,9,81,0
2,3062, Note_on_c,9,76,80
2,3124, Note_off_c,9,76,0
2,3125, Note_on_c,9,76,80
2,3187, Note_off_c,9,76,0
2,3187, Note_on_c,9,81,80
2,3249, Note_off_c,9,81,0
2,3250, Note_on_c,9,80,80
2,3374, Note_off_c,9,80,0
2,3500, Note_on_c,9,45,80
2,3500, Note_on_c,9,69,80
2,3530, Note_off_c,9,69,0
2,3531, Note_on_c,9,76,80
2,3562, Note_on_c,9,45,0
2,3562, Note_off_c,9,76,0
2,3562, Note_on_c,9,57,80
2,3562, Note_on_c,9,74,80
2,3593, Note_off_c,9,74,0
2,3593, Note_on_c,9,76,80
2,3624, Note_on_c,9,57,0
2,3624, Note_off_c,9,76,0
2,3625, Note_on_c,9,59,80
2,3625, Note_on_c,9,72,80
2,3655, Note_off_c,9,72,0
2,3656, Note_on_c,9,76,80
2,3687, Note_on_c,9,59,0
2,3687, Note_off_c,9,76,0
2,3687, Note_on_c,9,60,80
2,3687, Note_on_c,9,71,80
2,3718, Note_off_c,9,71,0
2,3718, Note_on_c,9,76,80
2,3749, Note_on_c,9,60,0
2,3749, Note_off_c,9,76,0
2,3750, Note_on_c,9,45,80
2,3750, Note_on_c,9,69,80
2,3780, Note_off_c,9,69,0
2,3781, Note_on_c,9,76,80
2,3812, Note_on_c,9,45,0
2,3812, Note_off_c,9,76,0
2,3812, Note_on_c,9,57,80
2,3812, Note_on_c,9,74,80
2,3843, Note_off_c,9,74,0
2,3843, Note_on_c,9,76,80
2,3874, Note_on_c,9,57,0
2,3874, Note_off_c,9,76,0
2,3875, Note_on_c,9,59,80
2,3875, Note_on_c,9,72,80
2,3905, Note_off_c,9,72,0
2,3906, Note_on_c,9,76,80
2,3937, Note_on_c,9,59,0
2,3937, Note_off_c,9,76,0
2,3937, Note_on_c,9,60,80
2,3937, Note_on_c,9,71,80
2,3968, Note_off_c,9,71,0
2,3968, Note_on_c,9,76,80
2,3999, Note_on_c,9,60,0
2,3999, Note_off_c,9,76,0
2,4000, Note_on_c,9,43,80
2,4000, Note_on_c,9,67,80
2,4030, Note_off_c,9,67,0
2,4031, Note_on_c,9,74,80
2,4062, Note_on_c,9,43,0
2,4062, Note_off_c,9,74,0
2,4062, Note_on_c,9,55,80
2,4062, Note_on_c,9,72,80
2,4093, Note_off_c,9,72,0
2,4093, Note_on_c,9,74,80
2,4124, Note_on_c,9,55,0
2,4124, Note_off_c,9,74,0
2,4125, Note_on_c,9,57,80
2,4125, Note_on_c,9,71,80
2,4155, Note_off_c,9,71,0
2,4156, Note_on_c,9,74,80
2,4187, Note_on_c,9,57,0
2,4187, Note_off_c,9,74,0
2,4187, Note_on_c,9,59,80
2,4187, Note_on_c,9,69,80
2,4218, Note_off_c,9,69,0
2,4218, Note_on_c,9,74,80
2,4249, Note_on_c,9,59,0
2,4249, Note_off_c,9,74,0
2,4250, Note_on_c,9,43,80
2,4250, Note_on_c,9,67,80
2,4280, Note_off_c,9,67,0
2,4281, Note_on_c,9,74,80
2,4312, Note_on_c,9,43,0
2,4312, Note_off_c,9,74,0
2,4312, Note_on_c,9,55,80
2,4312, Note_on_c,9,72,80
2,4343, Note_off_c,9,72,0
2,4343, Note_on_c,9,74,80
2,4374, Note_on_c,9,55,0
2,4374, Note_off_c,9,74,0
2,4375, Note_on_c,9,57,80
2,4375, Note_on_c,9,71,80
2,4405, Note_off_c,9,71,0
2,4406, Note_on_c,9,74,80
2,4437, Note_on_c,9,57,0
2,4437, Note_off_c,9,74,0
2,4437, Note_on_c,9,59,80
2,4437, Note_on_c,9,69,80
2,4468, Note_off_c,9,69,0
2,4468, Note_on_c,9,74,80
2,4499, Note_on_c,9,59,0
2,4499, Note_off_c,9,74,0
2,4500, Note_on_c,9,38,80
2,4500, Note_on_c,9,69,80
2,4530, Note_off_c,9,69,0
2,4531, Note_on_c,9,77,80
2,4562, Note_on_c,9,38,0
2,4562, Note_off_c,9,77,0
2,4562, Note_on_c,9,50,80
2,4562, Note_on_c,9,76,80
2,4593, Note_off_c,9,76,0
2,4593, Note_on_c,9,77,80
2,4624, Note_on_c,9,50,0
2,4624, Note_off_c,9,77,0
2,4625, Note_on_c,9,52,80
2,4625, Note_on_c,9,74,80
2,4655, Note_off_c,9,74,0
2,4656, Note_on_c,9,77,80
2,4687, Note_on_c,9,52,0
2,4687, Note_off_c,9,77,0
2,4687, Note_on_c,9,53,80
2,4687, Note_on_c,9,72,80
2,4718, Note_off_c,9,72,0
2,4718, Note_on_c,9,77,80
2,4749, Note_on_c,9,53,0
2,4749, Note_off_c,9,77,0
2,4750, Note_on_c,9,38,80
2,4750, Note_on_c,9,69,80
2,4780, Note_off_c,9,69,0
2,4781, Note_on_c,9,77,80
2,4812, Note_on_c,9,38,0
2,4812, Note_off_c,9,77,0
2,4812, Note_on_c,9,50,80
2,4812, Note_on_c,9,76,80
2,4843, Note_off_c,9,76,0
2,4843, Note_on_c,9,77,80
2,4874, Note_on_c,9,50,0
2,4874, Note_off_c,9,77,0
2,4875, Note_on_c,9,52,80
2,4875, Note_on_c,9,74,80
2,4905, Note_off_c,9,74,0
2,4906, Note_on_c,9,77,80
2,4937, Note_on_c,9,52,0
2,4937, Note_off_c,9,77,0
2,4937, Note_on_c,9,53,80
2,4937, Note_on_c,9,72,80
2,4968, Note_off_c,9,72,0
2,4968, Note_on_c,9,77,80
2,4999, Note_on_c,9,53,0
2,4999, Note_off_c,9,77,0
2,5000, Note_on_c,9,45,80
2,5000, Note_on_c,9,69,80
2,5030, Note_off_c,9,69,0
2,5031, Note_on_c,9,76,80
2,5062, Note_on_c,9,45,0
2,5062, Note_off_c,9,76,0
2,5062, Note_on_c,9,57,80
2,5062, Note_on_c,9,74,80
2,5093, Note_off_c,9,74,0
2,5093, Note_on_c,9,76,80
2,5124, Note_on_c,9,57,0
2,5124, Note_off_c,9,76,0
2,5125, Note_on_c,9,59,80
2,5125, Note_on_c,9,72,80
2,5155, Note_off_c,9,72,0
2,5156, Note_on_c,9,76,80
2,5187, Note_on_c,9,59,0
2,5187, Note_off_c,9,76,0
2,5187, Note_on_c,9,60,80
2,5187, Note_on_c,9,71,80
2,5218, Note_off_c,9,71,0
2,5218, Note_on_c,9,76,80
2,5249, Note_on_c,9,60,0
2,5249, Note_off_c,9,76,0
2,5250, Note_on_c,9,45,80
2,5250, Note_on_c,9,69,80
2,5280, Note_off_c,9,69,0
2,5281, Note_on_c,9,76,80
2,5312, Note_on_c,9,45,0
2,5312, Note_off_c,9,76,0
2,5312, Note_on_c,9,57,80
2,5312, Note_on_c,9,74,80
2,5343, Note_off_c,9,74,0
2,5343, Note_on_c,9,76,80
2,5374, Note_on_c,9,57,0
2,5374, Note_off_c,9,76,0
2,5375, Note_on_c,9,59,80
2,5375, Note_on_c,9,72,80
2,5405, Note_off_c,9,72,0
2,5406, Note_on_c,9,76,80
2,5437, Note_on_c,9,59,0
2,5437, Note_off_c,9,76,0
2,5437, Note_on_c,9,60,80
2,5437, Note_on_c,9,71,80
2,5468, Note_off_c,9,71,0
2,5468, Note_on_c,9,76,80
2,5499, Note_on_c,9,60,0
2,5499, Note_off_c,9,76,0
2,5500, Note_on_c,9,41,80
2,5500, Note_on_c,9,69,80
2,5530, Note_off_c,9,69,0
2,5531, Note_on_c,9,81,80
2,5562, Note_on_c,9,41,0
2,5562, Note_off_c,9,81,0
2,5562, Note_on_c,9,53,80
2,5562, Note_on_c,9,79,80
2,5593, Note_off_c,9,79,0
2,5593, Note_on_c,9,81,80
2,5624, Note_on_c,9,53,0
2,5624, Note_off_c,9,81,0
2,5625, Note_on_c,9,55,80
2,5625, Note_on_c,9,77,80
2,5655, Note_off_c,9,77,0
2,5656, Note_on_c,9,81,80
2,5687, Note_on_c,9,55,0
2,5687, Note_off_c,9,81,0
2,5687, Note_on_c,9,57,80
2,5687, Note_on_c,9,76,80
2,5718, Note_off_c,9,76,0
2,5718, Note_on_c,9,81,80
2,5749, Note_on_c,9,57,0
2,5749, Note_off_c,9,81,0
2,5750, Note_on_c,9,41,80
2,5750, Note_on_c,9,72,80
2,5780, Note_off_c,9,72,0
2,5781, Note_on_c,9,81,80
2,5812, Note_on_c,9,41,0
2,5812, Note_off_c,9,81,0
2,5812, Note_on_c,9,53,80
2,5812, Note_on_c,9,79,80
2,5843, Note_off_c,9,79,0
2,5843, Note_on_c,9,81,80
2,5874, Note_on_c,9,53,0
2,5874, Note_off_c,9,81,0
2,5875, Note_on_c,9,55,80
2,5875, Note_on_c,9,77,80
2,5905, Note_off_c,9,77,0
2,5906, Note_on_c,9,81,80
2,5937, Note_on_c,9,55,0
2,5937, Note_off_c,9,81,0
2,5937, Note_on_c,9,57,80
2,5937, Note_on_c,9,76,80
2,5968, Note_off_c,9,76,0
2,5968, Note_on_c,9,81,80
2,5999, Note_on_c,9,57,0
2,5999, Note_off_c,9,81,0
2,6000, Note_on_c,9,36,80
2,6000, Note_on_c,9,72,80
2,6030, Note_off_c,9,72,0
2,6031, Note_on_c,9,79,80
2,6062, Note_on_c,9,36,0
2,6062, Note_off_c,9,79,0
2,6062, Note_on_c,9,48,80
2,6062, Note_on_c,9,77,80
2,6093, Note_off_c,9,77,0
2,6093, Note_on_c,9,79,80
2,6124, Note_on_c,9,48,0
2,6124, Note_off_c,9,79,0
2,6125, Note_on_c,9,50,80
2,6125, Note_on_c,9,76,80
2,6155, Note_off_c,9,76,0
2,6156, Note_on_c,9,79,80
2,6187, Note_on_c,9,50,0
2,6187, Note_off_c,9,79,0
2,6187, Note_on_c,9,52,80
2,6187, Note_on_c,9,74,80
2,6218, Note_off_c,9,74,0
2,6218, Note_on_c,9,79,80
2,6249, Note_on_c,9,52,0
2,6249, Note_off_c,9,79,0
2,6250, Note_on_c,9,36,80
2,6250, Note_on_c,9,72,80
2,6280, Note_off_c,9,72,0
2,6281, Note_on_c,9,79,80
2,6312, Note_on_c,9,36,0
2,6312, Note_off_c,9,79,0
2,6312, Note_on_c,9,48,80
2,6312, Note_on_c,9,77,80
2,6343, Note_off_c,9,77,0
2,6343, Note_on_c,9,79,80
2,6374, Note_on_c,9,48,0
2,6374, Note_off_c,9,79,0
2,6375, Note_on_c,9,50,80
2,6375, Note_on_c,9,76,80
2,6405, Note_off_c,9,76,0
2,6406, Note_on_c,9,79,80
2,6437, Note_on_c,9,50,0
2,6437, Note_off_c,9,79,0
2,6437, Note_on_c,9,52,80
2,6437, Note_on_c,9,74,80
2,6468, Note_off_c,9,74,0
2,6468, Note_on_c,9,79,80
2,6499, Note_on_c,9,52,0
2,6499, Note_off_c,9,79,0
2,6500, Note_on_c,9,38,80
2,6500, Note_on_c,9,69,80
2,6530, Note_off_c,9,69,0
2,6531, Note_on_c,9,77,80
2,6562, Note_on_c,9,38,0
2,6562, Note_off_c,9,77,0
2,6562, Note_on_c,9,50,80
2,6562, Note_on_c,9,76,80
2,6593, Note_off_c,9,76,0
2,6593, Note_on_c,9,77,80
2,6624, Note_on_c,9,50,0
2,6624, Note_off_c,9,77,0
2,6625, Note_on_c,9,52,80
2,6625, Note_on_c,9,74,80
2,6655, Note_off_c,9,74,0
2,6656, Note_on_c,9,77,80
2,6687, Note_on_c,9,52,0
2,6687, Note_off_c,9,77,0
2,6687, Note_on_c,9,53,80
2,6687, Note_on_c,9,72,80
2,6718, Note_off_c,9,72,0
2,6718, Note_on_c,9,77,80
2,6749, Note_on_c,9,53,0
2,6749, Note_off_c,9,77,0
2,6750, Note_on_c,9,38,80
2,6750, Note_on_c,9,69,80
2,6780, Note_off_c,9,69,0
2,6781, Note_on_c,9,77,80
2,6812, Note_on_c,9,38,0
2,6812, Note_off_c,9,77,0
2,6812, Note_on_c,9,50,80
2,6812, Note_on_c,9,76,80
2,6843, Note_off_c,9,76,0
2,6843, Note_on_c,9,77,80
2,6874, Note_on_c,9,50,0
2,6874, Note_off_c,9,77,0
2,6875, Note_on_c,9,52,80
2,6875, Note_on_c,9,74,80
2,6905, Note_off_c,9,74,0
2,6906, Note_on_c,9,77,80
2,6937, Note_on_c,9,52,0
2,6937, Note_off_c,9,77,0
2,6937, Note_on_c,9,53,80
2,6937, Note_on_c,9,72,80
2,6968, Note_off_c,9,72,0
2,6968, Note_on_c,9,77,80
2,6999, Note_on_c,9,53,0
2,6999, Note_off_c,9,77,0
2,7000, Note_on_c,9,40,80
2,7000, Note_on_c,9,68,80
2,7030, Note_off_c,9,68,0
2,7031, Note_on_c,9,76,80
2,7062, Note_on_c,9,40,0
2,7062, Note_off_c,9,76,0
2,7062, Note_on_c,9,52,80
2,7062, Note_on_c,9,74,80
2,7093, Note_off_c,9,74,0
2,7093, Note_on_c,9,76,80
2,7124, Note_on_c,9,52,0
2,7124, Note_off_c,9,76,0
2,7125, Note_on_c,9,53,80
2,7125, Note_on_c,9,72,80
2,7155, Note_off_c,9,72,0
2,7156, Note_on_c,9,76,80
2,7187, Note_on_c,9,53,0
2,7187, Note_off_c,9,76,0
2,7187, Note_on_c,9,56,80
2,7187, Note_on_c,9,71,80
2,7218, Note_off_c,9,71,0
2,7218, Note_on_c,9,76,80
2,7249, Note_on_c,9,56,0
2,7249, Note_off_c,9,76,0
2,7250, Note_on_c,9,40,80
2,7250, Note_on_c,9,68,80
2,7280, Note_off_c,9,68,0
2,7281, Note_on_c,9,76,80
2,7312, Note_on_c,9,40,0
2,7312, Note_off_c,9,76,0
2,7312, Note_on_c,9,52,80
2,7312, Note_on_c,9,74,80
2,7343, Note_off_c,9,74,0
2,7343, Note_on_c,9,76,80
2,7374, Note_on_c,9,52,0
2,7374, Note_off_c,9,76,0
2,7375, Note_on_c,9,53,80
2,7375, Note_on_c,9,72,80
2,7405, Note_off_c,9,72,0
2,7406, Note_on_c,9,76,80
2,7437, Note_on_c,9,53,0
2,7437, Note_off_c,9,76,0
2,7437, Note_on_c,9,56,80
2,7437, Note_on_c,9,71,80
2,7468, Note_off_c,9,71,0
2,7468, Note_on_c,9,76,80
2,7499, Note_on_c,9,56,0
2,7499, Note_off_c,9,76,0
2,7500, Note_on_c,9,45,80
2,7500, Note_on_c,9,69,80
2,7530, Note_off_c,9,69,0
2,7531, Note_on_c,9,76,80
2,7562, Note_on_c,9,45,0
2,7562, Note_off_c,9,76,0
2,7562, Note_on_c,9,57,80
2,7562, Note_on_c,9,74,80
2,7593, Note_off_c,9,74,0
2,7593, Note_on_c,9,76,80
2,7624, Note_on_c,9,57,0
2,7624, Note_off_c,9,76,0
2,7625, Note_on_c,9,59,80
2,7625, Note_on_c,9,72,80
2,7655, Note_off_c,9,72,0
2,7656, Note_on_c,9,76,80
2,7687, Note_on_c,9,59,0
2,7687, Note_off_c,9,76,0
2,7687, Note_on_c,9,60,80
2,7687, Note_on_c,9,71,80
2,7718, Note_off_c,9,71,0
2,7718, Note_on_c,9,76,80
2,7749, Note_on_c,9,60,0
2,7749, Note_off_c,9,76,0
2,7750, Note_on_c,9,45,80
2,7750, Note_on_c,9,69,80
2,7780, Note_off_c,9,69,0
2,7781, Note_on_c,9,76,80
2,7812, Note_on_c,9,45,0
2,7812, Note_off_c,9,76,0
2,7812, Note_on_c,9,57,80
2,7812, Note_on_c,9,74,80
2,7843, Note_off_c,9,74,0
2,7843, Note_on_c,9,76,80
2,7874, Note_on_c,9,57,0
2,7874, Note_off_c,9,76,0
2,7875, Note_on_c,9,59,80
2,7875, Note_on_c,9,72,80
2,7905, Note_off_c,9,72,0
2,7906, Note_on_c,9,76,80
2,7937, Note_on_c,9,59,0
2,7937, Note_off_c,9,76,0
2,7937, Note_on_c,9,60,80
2,7937, Note_on_c,9,71,80
2,7968, Note_off_c,9,71,0
2,7968, Note_on_c,9,76,80
2,7999, Note_on_c,9,60,0
2,7999, Note_off_c,9,76,0
2,8000, Note_on_c,9,43,80
2,8000, Note_on_c,9,67,80
2,8030, Note_off_c,9,67,0
2,8031, Note_on_c,9,74,80
2,8062, Note_on_c,9,43,0
2,8062, Note_off_c,9,74,0
2,8062, Note_on_c,9,55,80
2,8062, Note_on_c,9,72,80
2,8093, Note_off_c,9,72,0
2,8093, Note_on_c,9,74,80
2,8124, Note_on_c,9,55,0
2,8124, Note_off_c,9,74,0
2,8125, Note_on_c,9,57,80
2,8125, Note_on_c,9,71,80
2,8155, Note_off_c,9,71,0
2,8156, Note_on_c,9,74,80
2,8187, Note_on_c,9,57,0
2,8187, Note_off_c,9,74,0
2,8187, Note_on_c,9,59,80
2,8187, Note_on_c,9,69,80
2,8218, Note_off_c,9,69,0
2,8218, Note_on_c,9,74,80
2,8249, Note_on_c,9,59,0
2,8249, Note_off_c,9,74,0
2,8250, Note_on_c,9,43,80
2,8250, Note_on_c,9,67,80
2,8280, Note_off_c,9,67,0
2,8281, Note_on_c,9,74,80
2,8312, Note_on_c,9,43,0
2,8312, Note_off_c,9,74,0
2,8312, Note_on_c,9,55,80
2,8312, Note_on_c,9,72,80
2,8343, Note_off_c,9,72,0
2,8343, Note_on_c,9,74,80
2,8374, Note_on_c,9,55,0
2,8374, Note_off_c,9,74,0
2,8375, Note_on_c,9,57,80
2,8375, Note_on_c,9,71,80
2,8405, Note_off_c,9,71,0
2,8406, Note_on_c,9,74,80
2,8437, Note_on_c,9,57,0
2,8437, Note_off_c,9,74,0
2,8437, Note_on_c,9,59,80
2,8437, Note_on_c,9,69,80
2,8468, Note_off_c,9,69,0
2,8468, Note_on_c,9,74,80
2,8499, Note_on_c,9,59,0
2,8499, Note_off_c,9,74,0
2,8500, Note_on_c,9,38,80
2,8500, Note_on_c,9,69,80
2,8530, Note_off_c,9,69,0
2,8531, Note_on_c,9,77,80
2,8562, Note_on_c,9,38,0
2,8562, Note_off_c,9,77,0
2,8562, Note_on_c,9,50,80
2,8562, Note_on_c,9,76,80
2,8593, Note_off_c,9,76,0
2,8593, Note_on_c,9,77,80
2,8624, Note_on_c,9,50,0
2,8624, Note_off_c,9,77,0
2,8625, Note_on_c,9,52,80
2,8625, Note_on_c,9,74,80
2,8655, Note_off_c,9,74,0
2,8656, Note_on_c,9,77,80
2,8687, Note_on_c,9,52,0
2,8687, Note_off_c,9,77,0
2,8687, Note_on_c,9,53,80
2,8687, Note_on_c,9,72,80
2,8718, Note_off_c,9,72,0
2,8718, Note_on_c,9,77,80
2,8749, Note_on_c,9,53,0
2,8749, Note_off_c,9,77,0
2,8750, Note_on_c,9,38,80
2,8750, Note_on_c,9,69,80
2,8780, Note_off_c,9,69,0
2,8781, Note_on_c,9,77,80
2,8812, Note_on_c,9,38,0
2,8812, Note_off_c,9,77,0
2,8812, Note_on_c,9,50,80
2,8812, Note_on_c,9,76,80
2,8843, Note_off_c,9,76,0
2,8843, Note_on_c,9,77,80
2,8874, Note_on_c,9,50,0
2,8874, Note_off_c,9,77,0
2,8875, Note_on_c,9,52,80
2,8875, Note_on_c,9,74,80
2,8905, Note_off_c,9,74,0
2,8906, Note_on_c,9,77,80
2,8937, Note_on_c,9,52,0
2,8937, Note_off_c,9,77,0
2,8937, Note_on_c,9,53,80
2,8937, Note_on_c,9,72,80
2,8968, Note_off_c,9,72,0
2,8968, Note_on_c,9,77,80
2,8999, Note_on_c,9,53,0
2,8999, Note_off_c,9,77,0
2,9000, Note_on_c,9,45,80
2,9000, Note_on_c,9,69,80
2,9030, Note_off_c,9,69,0
2,9031, Note_on_c,9,76,80
2,9062, Note_on_c,9,45,0
2,9062, Note_off_c,9,76,0
2,9062, Note_on_c,9,57,80
2,9062, Note_on_c,9,74,80
2,9093, Note_off_c,9,74,0
2,9093, Note_on_c,9,76,80
2,9124, Note_on_c,9,57,0
2,9124, Note_off_c,9,76,0
2,9125, Note_on_c,9,59,80
2,9125, Note_on_c,9,72,80
2,9155, Note_off_c,9,72,0
2,9156, Note_on_c,9,76,80
2,9187, Note_on_c,9,59,0
2,9187, Note_off_c,9,76,0
2,9187, Note_on_c,9,60,80
2,9187, Note_on_c,9,71,80
2,9218, Note_off_c,9,71,0
2,9218, Note_on_c,9,76,80
2,9249, Note_on_c,9,60,0
2,9249, Note_off_c,9,76,0
2,9250, Note_on_c,9,45,80
2,9250, Note_on_c,9,69,80
2,9280, Note_off_c,9,69,0
2,9281, Note_on_c,9,76,80
2,9312, Note_on_c,9,45,0
2,9312, Note_off_c,9,76,0
2,9312, Note_on_c,9,57,80
2,9312, Note_on_c,9,74,80
2,9343, Note_off_c,9,74,0
2,9343, Note_on_c,9,76,80
2,9374, Note_on_c,9,57,0
2,9374, Note_off_c,9,76,0
2,9375, Note_on_c,9,59,80
2,9375, Note_on_c,9,72,80
2,9405, Note_off_c,9,72,0
2,9406, Note_on_c,9,76,80
2,9437, Note_on_c,9,59,0
2,9437, Note_off_c,9,76,0
2,9437, Note_on_c,9,60,80
2,9437, Note_on_c,9,71,80
2,9468, Note_off_c,9,71,0
2,9468, Note_on_c,9,76,80
2,9499, Note_on_c,9,60,0
2,9499, Note_off_c,9,76,0
2,9500, Note_on_c,9,41,80
2,9500, Note_on_c,9,69,80
2,9530, Note_off_c,9,69,0
2,9531, Note_on_c,9,81,80
2,9562, Note_on_c,9,41,0
2,9562, Note_off_c,9,81,0
2,9562, Note_on_c,9,53,80
2,9562, Note_on_c,9,79,80
2,9593, Note_off_c,9,79,0
2,9593, Note_on_c,9,81,80
2,9624, Note_on_c,9,53,0
2,9624, Note_off_c,9,81,0
2,9625, Note_on_c,9,55,80
2,9625, Note_on_c,9,77,80
2,9655, Note_off_c,9,77,0
2,9656, Note_on_c,9,81,80
2,9687, Note_on_c,9,55,0
2,9687, Note_off_c,9,81,0
2,9687, Note_on_c,9,57,80
2,9687, Note_on_c,9,76,80
2,9718, Note_off_c,9,76,0
2,9718, Note_on_c,9,81,80
2,9749, Note_on_c,9,57,0
2,9749, Note_off_c,9,81,0
2,9750, Note_on_c,9,41,80
2,9750, Note_on_c,9,72,80
2,9780, Note_off_c,9,72,0
2,9781, Note_on_c,9,81,80
2,9812, Note_on_c,9,41,0
2,9812, Note_off_c,9,81,0
2,9812, Note_on_c,9,53,80
2,9812, Note_on_c,9,79,80
2,9843, Note_off_c,9,79,0
2,9843, Note_on_c,9,81,80
2,9874, Note_on_c,9,53,0
2,9874, Note_off_c,9,81,0
2,9875, Note_on_c,9,55,80
2,9875, Note_on_c,9,77,80
2,9905, Note_off_c,9,77,0
2,9906, Note_on_c,9,81,80
2,9937, Note_on_c,9,55,0
2,9937, Note_off_c,9,81,0
2,9937, Note_on_c,9,57,80
2,9937, Note_on_c,9,76,80
2,9968, Note_off_c,9,76,0
2,9968, Note_on_c,9,81,80
2,9999, Note_on_c,9,57,0
2,9999, Note_off_c,9,81,0
2,10000, Note_on_c,9,36,80
2,10000, Note_on_c,9,72,80
2,10030, Note_off_c,9,72,0
2,10031, Note_on_c,9,79,80
2,10062, Note_on_c,9,36,0
2,10062, Note_off_c,9,79,0
2,10062, Note_on_c,9,48,80
2,10062, Note_on_c,9,77,80
2,10093, Note_off_c,9,77,0
2,10093, Note_on_c,9,79,80
2,10124, Note_on_c,9,48,0
2,10124, Note_off_c,9,79,0
2,10125, Note_on_c,9,50,80
2,10125, Note_on_c,9,76,80
2,10155, Note_off_c,9,76,0
2,10156, Note_on_c,9,79,80
2,10187, Note_on_c,9,50,0
2,10187, Note_off_c,9,79,0
2,10187, Note_on_c,9,52,80
2,10187, Note_on_c,9,74,80
2,10218, Note_off_c,9,74,0
2,10218, Note_on_c,9,79,80
2,10249, Note_on_c,9,52,0
2,10249, Note_off_c,9,79,0
2,10250, Note_on_c,9,36,80
2,10250, Note_on_c,9,72,80
2,10280, Note_off_c,9,72,0
2,10281, Note_on_c,9,79,80
2,10312, Note_on_c,9,36,0
2,10312, Note_off_c,9,79,0
2,10312, Note_on_c,9,48,80
2,10312, Note_on_c,9,77,80
2,10343, Note_off_c,9,77,0
2,10343, Note_on_c,9,79,80
2,10374, Note_on_c,9,48,0
2,10374, Note_off_c,9,79,0
2,10375, Note_on_c,9,50,80
2,10375, Note_on_c,9,76,80
2,10405, Note_off_c,9,76,0
2,10406, Note_on_c,9,79,80
2,10437, Note_on_c,9,50,0
2,10437, Note_off_c,9,79,0
2,10437, Note_on_c,9,52,80
2,10437, Note_on_c,9,74,80
2,10468, Note_off_c,9,74,0
2,10468, Note_on_c,9,79,80
2,10499, Note_on_c,9,52,0
2,10499, Note_off_c,9,79,0
2,10500, Note_on_c,9,38,80
2,10500, Note_on_c,9,69,80
2,10530, Note_off_c,9,69,0
2,10531, Note_on_c,9,77,80
2,10562, Note_on_c,9,38,0
2,10562, Note_off_c,9,77,0
2,10562, Note_on_c,9,50,80
2,10562, Note_on_c,9,76,80
2,10593, Note_off_c,9,76,0
2,10593, Note_on_c,9,77,80
2,10624, Note_on_c,9,50,0
2,10624, Note_off_c,9,77,0
2,10625, Note_on_c,9,52,80
2,10625, Note_on_c,9,74,80
2,10655, Note_off_c,9,74,0
2,10656, Note_on_c,9,77,80
2,10687, Note_on_c,9,52,0
2,10687, Note_off_c,9,77,0
2,10687, Note_on_c,9,53,80
2,10687, Note_on_c,9,72,80
2,10718, Note_off_c,9,72,0
2,10718, Note_on_c,9,77,80
2,10749, Note_on_c,9,53,0
2,10749, Note_off_c,9,77,0
2,10750, Note_on_c,9,38,80
2,10750, Note_on_c,9,69,80
2,10780, Note_off_c,9,69,0
2,10781, Note_on_c,9,77,80
2,10812, Note_on_c,9,38,0
2,10812, Note_off_c,9,77,0
2,10812, Note_on_c,9,50,80
2,10812, Note_on_c,9,76,80
2,10843, Note_off_c,9,76,0
2,10843, Note_on_c,9,77,80
2,10874, Note_on_c,9,50,0
2,10874, Note_off_c,9,77,0
2,10875, Note_on_c,9,52,80
2,10875, Note_on_c,9,74,80
2,10905, Note_off_c,9,74,0
2,10906, Note_on_c,9,77,80
2,10937, Note_on_c,9,52,0
2,10937, Note_off_c,9,77,0
2,10937, Note_on_c,9,53,80
2,10937, Note_on_c,9,72,80
2,10968, Note_off_c,9,72,0
2,10968, Note_on_c,9,77,80
2,10999, Note_on_c,9,53,0
2,10999, Note_off_c,9,77,0
2,11000, Note_on_c,9,40,80
2,11000, Note_on_c,9,68,80
2,11030, Note_off_c,9,68,0
2,11031, Note_on_c,9,76,80
2,11062, Note_on_c,9,40,0
2,11062, Note_off_c,9,76,0
2,11062, Note_on_c,9,52,80
2,11062, Note_on_c,9,74,80
2,11093, Note_off_c,9,74,0
2,11093, Note_on_c,9,76,80
2,11124, Note_on_c,9,52,0
2,11124, Note_off_c,9,76,0
2,11125, Note_on_c,9,53,80
2,11125, Note_on_c,9,72,80
2,11155, Note_off_c,9,72,0
2,11156, Note_on_c,9,76,80
2,11187, Note_on_c,9,53,0
2,11187, Note_off_c,9,76,0
2,11187, Note_on_c,9,56,80
2,11187, Note_on_c,9,71,80
2,11218, Note_off_c,9,71,0
2,11218, Note_on_c,9,76,80
2,11249, Note_on_c,9,56,0
2,11249, Note_off_c,9,76,0
2,11250, Note_on_c,9,40,80
2,11250, Note_on_c,9,68,80
2,11280, Note_off_c,9,68,0
2,11281, Note_on_c,9,76,80
2,11312, Note_on_c,9,40,0
2,11312, Note_off_c,9,76,0
2,11312, Note_on_c,9,52,80
2,11312, Note_on_c,9,74,80
2,11343, Note_off_c,9,74,0
2,11343, Note_on_c,9,76,80
2,11374, Note_on_c,9,52,0
2,11374, Note_off_c,9,76,0
2,11375, Note_on_c,9,53,80
2,11375, Note_on_c,9,72,80
2,11405, Note_off_c,9,72,0
2,11406, Note_on_c,9,76,80
2,11437, Note_on_c,9,53,0
2,11437, Note_off_c,9,76,0
2,11437, Note_on_c,9,56,80
2,11437, Note_on_c,9,71,80
2,11468, Note_off_c,9,71,0
2,11468, Note_on_c,9,76,80
2,11499, Note_on_c,9,56,0
2,11499, Note_off_c,9,76,0
2,11500, Note_on_c,9,69,80
2,11530, Note_off_c,9,69,0
2,11531, Note_on_c,9,72,80
2,11562, Note_off_c,9,72,0
2,11562, Note_on_c,9,76,80
2,11593, Note_off_c,9,76,0
2,11593, Note_on_c,9,81,80
2,11718, Note_off_c,9,81,0
2,12500, Note_on_c,9,76,80
2,12562, Note_off_c,9,76,0
2,12562, Note_on_c,9,72,80
2,12624, Note_off_c,9,72,0
2,12625, Note_on_c,9,72,80
2,12687, Note_off_c,9,72,0
2,12687, Note_on_c,9,76,80
2,12749, Note_off_c,9,76,0
2,12750, Note_on_c,9,79,80
2,12812, Note_off_c,9,79,0
2,12812, Note_on_c,9,74,80
2,12874, Note_off_c,9,74,0
2,12875, Note_on_c,9,74,80
2,12937, Note_off_c,9,74,0
2,12937, Note_on_c,9,79,80
2,12999, Note_off_c,9,79,0
2,13000, Note_on_c,9,81,80
2,13062, Note_off_c,9,81,0
2,13062, Note_on_c,9,77,80
2,13124, Note_off_c,9,77,0
2,13125, Note_on_c,9,80,80
2,13187, Note_off_c,9,80,0
2,13187, Note_on_c,9,76,80
2,13249, Note_off_c,9,76,0
2,13250, Note_on_c,9,81,80
2,13374, Note_off_c,9,81,0
2,13500, Note_on_c,9,76,80
2,13562, Note_off_c,9,76,0
2,13562, Note_on_c,9,72,80
2,13624, Note_off_c,9,72,0
2,13625, Note_on_c,9,72,80
2,13687, Note_off_c,9,72,0
2,13687, Note_on_c,9,76,80
2,13749, Note_off_c,9,76,0
2,13750, Note_on_c,9,79,80
2,13812, Note_off_c,9,79,0
2,13812, Note_on_c,9,74,80
2,13874, Note_off_c,9,74,0
2,13875, Note_on_c,9,74,80
2,13937, Note_off_c,9,74,0
2,13937, Note_on_c,9,79,80
2,13999, Note_off_c,9,79,0
2,14000, Note_on_c,9,81,80
2,14062, Note_off_c,9,81,0
2,14062, Note_on_c,9,77,80
2,14124, Note_off_c,9,77,0
2,14125, Note_on_c,9,80,80
2,14187, Note_off_c,9,80,0
2,14187, Note_on_c,9,76,80
2,14249, Note_off_c,9,76,0
2,14250, Note_on_c,9,81,80
2,14374, Note_off_c,9,81,0
2,14500, Note_on_c,9,76,80
2,14562, Note_off_c,9,76,0
2,14562, Note_on_c,9,72,80
2,14624, Note_off_c,9,72,0
2,14625, Note_on_c,9,72,80
2,14687, Note_off_c,9,72,0
2,14687, Note_on_c,9,76,80
2,14749, Note_off_c,9,76,0
2,14750, Note_on_c,9,74,80
2,14812, Note_off_c,9,74,0
2,14812, Note_on_c,9,71,80
2,14874, Note_off_c,9,71,0
2,14875, Note_on_c,9,71,80
2,14937, Note_off_c,9,71,0
2,14937, Note_on_c,9,79,80
2,14999, Note_off_c,9,79,0
2,15000, Note_on_c,9,81,80
2,15062, Note_off_c,9,81,0
2,15062, Note_on_c,9,76,80
2,15124, Note_off_c,9,76,0
2,15125, Note_on_c,9,76,80
2,15187, Note_off_c,9,76,0
2,15187, Note_on_c,9,81,80
2,15249, Note_off_c,9,81,0
2,15250, Note_on_c,9,80,80
2,15374, Note_off_c,9,80,0
2,15500, Note_on_c,9,45,80
2,15500, Note_on_c,9,69,80
2,15530, Note_off_c,9,69,0
2,15531, Note_on_c,9,76,80
2,15562, Note_on_c,9,45,0
2,15562, Note_off_c,9,76,0
2,15562, Note_on_c,9,57,80
2,15562, Note_on_c,9,74,80
2,15593, Note_off_c,9,74,0
2,15593, Note_on_c,9,76,80
2,15624, Note_on_c,9,57,0
2,15624, Note_off_c,9,76,0
2,15625, Note_on_c,9,59,80
2,15625, Note_on_c,9,72,80
2,15655, Note_off_c,9,72,0
2,15656, Note_on_c,9,76,80
2,15687, Note_on_c,9,59,0
2,15687, Note_off_c,9,76,0
2,15687, Note_on_c,9,60,80
2,15687, Note_on_c,9,71,80
2,15718, Note_off_c,9,71,0
2,15718, Note_on_c,9,76,80
2,15749, Note_on_c,9,60,0
2,15749, Note_off_c,9,76,0
2,15750, Note_on_c,9,45,80
2,15750, Note_on_c,9,69,80
2,15780, Note_off_c,9,69,0
2,15781, Note_on_c,9,76,80
2,15812, Note_on_c,9,45,0
2,15812, Note_off_c,9,76,0
2,15812, Note_on_c,9,57,80
2,15812, Note_on_c,9,74,80
2,15843, Note_off_c,9,74,0
2,15843, Note_on_c,9,76,80
2,15874, Note_on_c,9,57,0
2,15874, Note_off_c,9,76,0
2,15875, Note_on_c,9,59,80
2,15875, Note_on_c,9,72,80
2,15905, Note_off_c,9,72,0
2,15906, Note_on_c,9,76,80
2,15937, Note_on_c,9,59,0
2,15937, Note_off_c,9,76,0
2,15937, Note_on_c,9,60,80
2,15937, Note_on_c,9,71,80
2,15968, Note_off_c,9,71,0
2,15968, Note_on_c,9,76,80
2,15999, Note_on_c,9,60,0
2,15999, Note_off_c,9,76,0
2,16000, Note_on_c,9,43,80
2,16000, Note_on_c,9,67,80
2,16030, Note_off_c,9,67,0
2,16031, Note_on_c,9,74,80
2,16062, Note_on_c,9,43,0
2,16062, Note_off_c,9,74,0
2,16062, Note_on_c,9,55,80
2,16062, Note_on_c,9,72,80
2,16093, Note_off_c,9,72,0
2,16093, Note_on_c,9,74,80
2,16124, Note_on_c,9,55,0
2,16124, Note_off_c,9,74,0
2,16125, Note_on_c,9,57,80
2,16125, Note_on_c,9,71,80
2,16155, Note_off_c,9,71,0
2,16156, Note_on_c,9,74,80
2,16187, Note_on_c,9,57,0
2,16187, Note_off_c,9,74,0
2,16187, Note_on_c,9,59,80
2,16187, Note_on_c,9,69,80
2,16218, Note_off_c,9,69,0
2,16218, Note_on_c,9,74,80
2,16249, Note_on_c,9,59,0
2,16249, Note_off_c,9,74,0
2,16250, Note_on_c,9,43,80
2,16250, Note_on_c,9,67,80
2,16280, Note_off_c,9,67,0
2,16281, Note_on_c,9,74,80
2,16312, Note_on_c,9,43,0
2,16312, Note_off_c,9,74,0
2,16312, Note_on_c,9,55,80
2,16312, Note_on_c,9,72,80
2,16343, Note_off_c,9,72,0
2,16343, Note_on_c,9,74,80
2,16374, Note_on_c,9,55,0
2,16374, Note_off_c,9,74,0
2,16375, Note_on_c,9,57,80
2,16375, Note_on_c,9,71,80
2,16405, Note_off_c,9,71,0
2,16406, Note_on_c,9,74,80
2,16437, Note_on_c,9,57,0
2,16437, Note_off_c,9,74,0
2,16437, Note_on_c,9,59,80
2,16437, Note_on_c,9,69,80
2,16468, Note_off_c,9,69,0
2,16468, Note_on_c,9,74,80
2,16499, Note_on_c,9,59,0
2,16499, Note_off_c,9,74,0
2,16500, Note_on_c,9,38,80
2,16500, Note_on_c,9,69,80
2,16530, Note_off_c,9,69,0
2,16531, Note_on_c,9,77,80
2,16562, Note_on_c,9,38,0
2,16562, Note_off_c,9,77,0
2,16562, Note_on_c,9,50,80
2,16562, Note_on_c,9,76,80
2,16593, Note_off_c,9,76,0
2,16593, Note_on_c,9,77,80
2,16624, Note_on_c,9,50,0
2,16624, Note_off_c,9,77,0
2,16625, Note_on_c,9,52,80
2,16625, Note_on_c,9,74,80
2,16655, Note_off_c,9,74,0
2,16656, Note_on_c,9,77,80
2,16687, Note_on_c,9,52,0
2,16687, Note_off_c,9,77,0
2,16687, Note_on_c,9,53,80
2,16687, Note_on_c,9,72,80
2,16718, Note_off_c,9,72,0
2,16718, Note_on_c,9,77,80
2,16749, Note_on_c,9,53,0
2,16749, Note_off_c,9,77,0
2,16750, Note_on_c,9,38,80
2,16750, Note_on_c,9,69,80
2,16780, Note_off_c,9,69,0
2,16781, Note_on_c,9,77,80
2,16812, Note_on_c,9,38,0
2,16812, Note_off_c,9,77,0
2,16812, Note_on_c,9,50,80
2,16812, Note_on_c,9,76,80
2,16843, Note_off_c,9,76,0
2,16843, Note_on_c,9,77,80
2,16874, Note_on_c,9,50,0
2,16874, Note_off_c,9,77,0
2,16875, Note_on_c,9,52,80
2,16875, Note_on_c,9,74,80
2,16905, Note_off_c,9,74,0
2,16906, Note_on_c,9,77,80
2,16937, Note_on_c,9,52,0
2,16937, Note_off_c,9,77,0
2,16937, Note_on_c,9,53,80
2,16937, Note_on_c,9,72,80
2,16968, Note_off_c,9,72,0
2,16968, Note_on_c,9,77,80
2,16999, Note_on_c,9,53,0
2,16999, Note_off_c,9,77,0
2,17000, Note_on_c,9,45,80
2,17000, Note_on_c,9,69,80
2,17030, Note_off_c,9,69,0
2,17031, Note_on_c,9,76,80
2,17062, Note_on_c,9,45,0
2,17062, Note_off_c,9,76,0
2,17062, Note_on_c,9,57,80
2,17062, Note_on_c,9,74,80
2,17093, Note_off_c,9,74,0
2,17093, Note_on_c,9,76,80
2,17124, Note_on_c,9,57,0
2,17124, Note_off_c,9,76,0
2,17125, Note_on_c,9,59,80
2,17125, Note_on_c,9,72,80
2,17155, Note_off_c,9,72,0
2,17156, Note_on_c,9,76,80
2,17187, Note_on_c,9,59,0
2,17187, Note_off_c,9,76,0
2,17187, Note_on_c,9,60,80
2,17187, Note_on_c,9,71,80
2,17218, Note_off_c,9,71,0
2,17218, Note_on_c,9,76,80
2,17249, Note_on_c,9,60,0
2,17249, Note_off_c,9,76,0
2,17250, Note_on_c,9,45,80
2,17250, Note_on_c,9,69,80
2,17280, Note_off_c,9,69,0
2,17281, Note_on_c,9,76,80
2,17312, Note_on_c,9,45,0
2,17312, Note_off_c,9,76,0
2,17312, Note_on_c,9,57,80
2,17312, Note_on_c,9,74,80
2,17343, Note_off_c,9,74,0
2,17343, Note_on_c,9,76,80
2,17374, Note_on_c,9,57,0
2,17374, Note_off_c,9,76,0
2,17375, Note_on_c,9,59,80
2,17375, Note_on_c,9,72,80
2,17405, Note_off_c,9,72,0
2,17406, Note_on_c,9,76,80
2,17437, Note_on_c,9,59,0
2,17437, Note_off_c,9,76,0
2,17437, Note_on_c,9,60,80
2,17437, Note_on_c,9,71,80
2,17468, Note_off_c,9,71,0
2,17468, Note_on_c,9,76,80
2,17499, Note_on_c,9,60,0
2,17499, Note_off_c,9,76,0
2,17500, Note_on_c,9,41,80
2,17500, Note_on_c,9,69,80
2,17530, Note_off_c,9,69,0
2,17531, Note_on_c,9,81,80
2,17562, Note_on_c,9,41,0
2,17562, Note_off_c,9,81,0
2,17562, Note_on_c,9,53,80
2,17562, Note_on_c,9,79,80
2,17593, Note_off_c,9,79,0
2,17593, Note_on_c,9,81,80
2,17624, Note_on_c,9,53,0
2,17624, Note_off_c,9,81,0
2,17625, Note_on_c,9,55,80
2,17625, Note_on_c,9,77,80
2,17655, Note_off_c,9,77,0
2,17656, Note_on_c,9,81,80
2,17687, Note_on_c,9,55,0
2,17687, Note_off_c,9,81,0
2,17687, Note_on_c,9,57,80
2,17687, Note_on_c,9,76,80
2,17718, Note_off_c,9,76,0
2,17718, Note_on_c,9,81,80
2,17749, Note_on_c,9,57,0
2,17749, Note_off_c,9,81,0
2,17750, Note_on_c,9,41,80
2,17750, Note_on_c,9,72,80
2,17780, Note_off_c,9,72,0
2,17781, Note_on_c,9,81,80
2,17812, Note_on_c,9,41,0
2,17812, Note_off_c,9,81,0
2,17812, Note_on_c,9,53,80
2,17812, Note_on_c,9,79,80
2,17843, Note_off_c,9,79,0
2,17843, Note_on_c,9,81,80
2,17874, Note_on_c,9,53,0
2,17874, Note_off_c,9,81,0
2,17875, Note_on_c,9,55,80
2,17875, Note_on_c,9,77,80
2,17905, Note_off_c,9,77,0
2,17906, Note_on_c,9,81,80
2,17937, Note_on_c,9,55,0
2,17937, Note_off_c,9,81,0
2,17937, Note_on_c,9,57,80
2,17937, Note_on_c,9,76,80
2,17968, Note_off_c,9,76,0
2,17968, Note_on_c,9,81,80
2,17999, Note_on_c,9,57,0
2,17999, Note_off_c,9,81,0
2,18000, Note_on_c,9,36,80
2,18000, Note_on_c,9,72,80
2,18030, Note_off_c,9,72,0
2,18031, Note_on_c,9,79,80
2,18062, Note_on_c,9,36,0
2,18062, Note_off_c,9,79,0
2,18062, Note_on_c,9,48,80
2,18062, Note_on_c,9,77,80
2,18093, Note_off_c,9,77,0
2,18093, Note_on_c,9,79,80
2,18124, Note_on_c,9,48,0
2,18124, Note_off_c,9,79,0
2,18125, Note_on_c,9,50,80
2,18125, Note_on_c,9,76,80
2,18155, Note_off_c,9,76,0
2,18156, Note_on_c,9,79,80
2,18187, Note_on_c,9,50,0
2,18187, Note_off_c,9,79,0
2,18187, Note_on_c,9,52,80
2,18187, Note_on_c,9,74,80
2,18218, Note_off_c,9,74,0
2,18218, Note_on_c,9,79,80
2,18249, Note_on_c,9,52,0
2,18249, Note_off_c,9,79,0
2,18250, Note_on_c,9,36,80
2,18250, Note_on_c,9,72,80
2,18280, Note_off_c,9,72,0
2,18281, Note_on_c,9,79,80
2,18312, Note_on_c,9,36,0
2,18312, Note_off_c,9,79,0
2,18312, Note_on_c,9,48,80
2,18312, Note_on_c,9,77,80
2,18343, Note_off_c,9,77,0
2,18343, Note_on_c,9,79,80
2,18374, Note_on_c,9,48,0
2,18374, Note_off_c,9,79,0
2,18375, Note_on_c,9,50,80
2,18375, Note_on_c,9,76,80
2,18405, Note_off_c,9,76,0
2,18406, Note_on_c,9,79,80
2,18437, Note_on_c,9,50,0
2,18437, Note_off_c,9,79,0
2,18437, Note_on_c,9,52,80
2,18437, Note_on_c,9,74,80
2,18468, Note_off_c,9,74,0
2,18468, Note_on_c,9,79,80
2,18499, Note_on_c,9,52,0
2,18499, Note_off_c,9,79,0
2,18500, Note_on_c,9,38,80
2,18500, Note_on_c,9,69,80
2,18530, Note_off_c,9,69,0
2,18531, Note_on_c,9,77,80
2,18562, Note_on_c,9,38,0
2,18562, Note_off_c,9,77,0
2,18562, Note_on_c,9,50,80
2,18562, Note_on_c,9,76,80
2,18593, Note_off_c,9,76,0
2,18593, Note_on_c,9,77,80
2,18624, Note_on_c,9,50,0
2,18624, Note_off_c,9,77,0
2,18625, Note_on_c,9,52,80
2,18625, Note_on_c,9,74,80
2,18655, Note_off_c,9,74,0
2,18656, Note_on_c,9,77,80
2,18687, Note_on_c,9,52,0
2,18687, Note_off_c,9,77,0
2,18687, Note_on_c,9,53,80
2,18687, Note_on_c,9,72,80
2,18718, Note_off_c,9,72,0
2,18718, Note_on_c,9,77,80
2,18749, Note_on_c,9,53,0
2,18749, Note_off_c,9,77,0
2,18750, Note_on_c,9,38,80
2,18750, Note_on_c,9,69,80
2,18780, Note_off_c,9,69,0
2,18781, Note_on_c,9,77,80
2,18812, Note_on_c,9,38,0
2,18812, Note_off_c,9,77,0
2,18812, Note_on_c,9,50,80
2,18812, Note_on_c,9,76,80
2,18843, Note_off_c,9,76,0
2,18843, Note_on_c,9,77,80
2,18874, Note_on_c,9,50,0
2,18874, Note_off_c,9,77,0
2,18875, Note_on_c,9,52,80
2,18875, Note_on_c,9,74,80
2,18905, Note_off_c,9,74,0
2,18906, Note_on_c,9,77,80
2,18937, Note_on_c,9,52,0
2,18937, Note_off_c,9,77,0
2,18937, Note_on_c,9,53,80
2,18937, Note_on_c,9,72,80
2,18968, Note_off_c,9,72,0
2,18968, Note_on_c,9,77,80
2,18999, Note_on_c,9,53,0
2,18999, Note_off_c,9,77,0
2,19000, Note_on_c,9,40,80
2,19000, Note_on_c,9,68,80
2,19030, Note_off_c,9,68,0
2,19031, Note_on_c,9,76,80
2,19062, Note_on_c,9,40,0
2,19062, Note_off_c,9,76,0
2,19062, Note_on_c,9,52,80
2,19062, Note_on_c,9,74,80
2,19093, Note_off_c,9,74,0
2,19093, Note_on_c,9,76,80
2,19124, Note_on_c,9,52,0
2,19124, Note_off_c,9,76,0
2,19125, Note_on_c,9,53,80
2,19125, Note_on_c,9,72,80
2,19155, Note_off_c,9,72,0
2,19156, Note_on_c,9,76,80
2,19187, Note_on_c,9,53,0
2,19187, Note_off_c,9,76,0
2,19187, Note_on_c,9,56,80
2,19187, Note_on_c,9,71,80
2,19218, Note_off_c,9,71,0
2,19218, Note_on_c,9,76,80
2,19249, Note_on_c,9,56,0
2,19249, Note_off_c,9,76,0
2,19250, Note_on_c,9,40,80
2,19250, Note_on_c,9,68,80
2,19280, Note_off_c,9,68,0
2,19281, Note_on_c,9,76,80
2,19312, Note_on_c,9,40,0
2,19312, Note_off_c,9,76,0
2,19312, Note_on_c,9,52,80
2,19312, Note_on_c,9,74,80
2,19343, Note_off_c,9,74,0
2,19343, Note_on_c,9,76,80
2,19374, Note_on_c,9,52,0
2,19374, Note_off_c,9,76,0
2,19375, Note_on_c,9,53,80
2,19375, Note_on_c,9,72,80
2,19405, Note_off_c,9,72,0
2,19406, Note_on_c,9,76,80
2,19437, Note_on_c,9,53,0
2,19437, Note_off_c,9,76,0
2,19437, Note_on_c,9,56,80
2,19437, Note_on_c,9,71,80
2,19468, Note_off_c,9,71,0
2,19468, Note_on_c,9,76,80
2,19499, Note_on_c,9,56,0
2,19499, Note_off_c,9,76,0
2,19500, Note_on_c,9,45,80
2,19500, Note_on_c,9,69,80
2,19530, Note_off_c,9,69,0
2,19531, Note_on_c,9,76,80
2,19562, Note_on_c,9,45,0
2,19562, Note_off_c,9,76,0
2,19562, Note_on_c,9,57,80
2,19562, Note_on_c,9,74,80
2,19593, Note_off_c,9,74,0
2,19593, Note_on_c,9,76,80
2,19624, Note_on_c,9,57,0
2,19624, Note_off_c,9,76,0
2,19625, Note_on_c,9,59,80
2,19625, Note_on_c,9,72,80
2,19655, Note_off_c,9,72,0
2,19656, Note_on_c,9,76,80
2,19687, Note_on_c,9,59,0
2,19687, Note_off_c,9,76,0
2,19687, Note_on_c,9,60,80
2,19687, Note_on_c,9,71,80
2,19718, Note_off_c,9,71,0
2,19718, Note_on_c,9,76,80
2,19749, Note_on_c,9,60,0
2,19749, Note_off_c,9,76,0
2,19750, Note_on_c,9,45,80
2,19750, Note_on_c,9,69,80
2,19780, Note_off_c,9,69,0
2,19781, Note_on_c,9,76,80
2,19812, Note_on_c,9,45,0
2,19812, Note_off_c,9,76,0
2,19812, Note_on_c,9,57,80
2,19812, Note_on_c,9,74,80
2,19843, Note_off_c,9,74,0
2,19843, Note_on_c,9,76,80
2,19874, Note_on_c,9,57,0
2,19874, Note_off_c,9,76,0
2,19875, Note_on_c,9,59,80
2,19875, Note_on_c,9,72,80
2,19905, Note_off_c,9,72,0
2,19906, Note_on_c,9,76,80
2,19937, Note_on_c,9,59,0
2,19937, Note_off_c,9,76,0
2,19937, Note_on_c,9,60,80
2,19937, Note_on_c,9,71,80
2,19968, Note_off_c,9,71,0
2,19968, Note_on_c,9,76,80
2,19999, Note_on_c,9,60,0
2,19999, Note_off_c,9,76,0
2,20000, Note_on_c,9,43,80
2,20000, Note_on_c,9,67,80
2,20030, Note_off_c,9,67,0
2,20031, Note_on_c,9,74,80
2,20062, Note_on_c,9,43,0
2,20062, Note_off_c,9,74,0
2,20062, Note_on_c,9,55,80
2,20062, Note_on_c,9,72,80
2,20093, Note_off_c,9,72,0
2,20093, Note_on_c,9,74,80
2,20124, Note_on_c,9,55,0
2,20124, Note_off_c,9,74,0
2,20125, Note_on_c,9,57,80
2,20125, Note_on_c,9,71,80
2,20155, Note_off_c,9,71,0
2,20156, Note_on_c,9,74,80
2,20187, Note_on_c,9,57,0
2,20187, Note_off_c,9,74,0
2,20187, Note_on_c,9,59,80
2,20187, Note_on_c,9,69,80
2,20218, Note_off_c,9,69,0
2,20218, Note_on_c,9,74,80
2,20249, Note_on_c,9,59,0
2,20249, Note_off_c,9,74,0
2,20250, Note_on_c,9,43,80
2,20250, Note_on_c,9,67,80
2,20280, Note_off_c,9,67,0
2,20281, Note_on_c,9,74,80
2,20312, Note_on_c,9,43,0
2,20312, Note_off_c,9,74,0
2,20312, Note_on_c,9,55,80
2,20312, Note_on_c,9,72,80
2,20343, Note_off_c,9,72,0
2,20343, Note_on_c,9,74,80
2,20374, Note_on_c,9,55,0
2,20374, Note_off_c,9,74,0
2,20375, Note_on_c,9,57,80
2,20375, Note_on_c,9,71,80
2,20405, Note_off_c,9,71,0
2,20406, Note_on_c,9,74,80
2,20437, Note_on_c,9,57,0
2,20437, Note_off_c,9,74,0
2,20437, Note_on_c,9,59,80
2,20437, Note_on_c,9,69,80
2,20468, Note_off_c,9,69,0
2,20468, Note_on_c,9,74,80
2,20499, Note_on_c,9,59,0
2,20499, Note_off_c,9,74,0
2,20500, Note_on_c,9,38,80
2,20500, Note_on_c,9,69,80
2,20530, Note_off_c,9,69,0
2,20531, Note_on_c,9,77,80
2,20562, Note_on_c,9,38,0
2,20562, Note_off_c,9,77,0
2,20562, Note_on_c,9,50,80
2,20562, Note_on_c,9,76,80
2,20593, Note_off_c,9,76,0
2,20593, Note_on_c,9,77,80
2,20624, Note_on_c,9,50,0
2,20624, Note_off_c,9,77,0
2,20625, Note_on_c,9,52,80
2,20625, Note_on_c,9,74,80
2,20655, Note_off_c,9,74,0
2,20656, Note_on_c,9,77,80
2,20687, Note_on_c,9,52,0
2,20687, Note_off_c,9,77,0
2,20687, Note_on_c,9,53,80
2,20687, Note_on_c,9,72,80
2,20718, Note_off_c,9,72,0
2,20718, Note_on_c,9,77,80
2,20749, Note_on_c,9,53,0
2,20749, Note_off_c,9,77,0
2,20750, Note_on_c,9,38,80
2,20750, Note_on_c,9,69,80
2,20780, Note_off_c,9,69,0
2,20781, Note_on_c,9,77,80
2,20812, Note_on_c,9,38,0
2,20812, Note_off_c,9,77,0
2,20812, Note_on_c,9,50,80
2,20812, Note_on_c,9,76,80
2,20843, Note_off_c,9,76,0
2,20843, Note_on_c,9,77,80
2,20874, Note_on_c,9,50,0
2,20874, Note_off_c,9,77,0
2,20875, Note_on_c,9,52,80
2,20875, Note_on_c,9,74,80
2,20905, Note_off_c,9,74,0
2,20906, Note_on_c,9,77,80
2,20937, Note_on_c,9,52,0
2,20937, Note_off_c,9,77,0
2,20937, Note_on_c,9,53,80
2,20937, Note_on_c,9,72,80
2,20968, Note_off_c,9,72,0
2,20968, Note_on_c,9,77,80
2,20999, Note_on_c,9,53,0
2,20999, Note_off_c,9,77,0
2,21000, Note_on_c,9,45,80
2,21000, Note_on_c,9,69,80
2,21030, Note_off_c,9,69,0
2,21031, Note_on_c,9,76,80
2,21062, Note_on_c,9,45,0
2,21062, Note_off_c,9,76,0
2,21062, Note_on_c,9,57,80
2,21062, Note_on_c,9,74,80
2,21093, Note_off_c,9,74,0
2,21093, Note_on_c,9,76,80
2,21124, Note_on_c,9,57,0
2,21124, Note_off_c,9,76,0
2,21125, Note_on_c,9,59,80
2,21125, Note_on_c,9,72,80
2,21155, Note_off_c,9,72,0
2,21156, Note_on_c,9,76,80
2,21187, Note_on_c,9,59,0
2,21187, Note_off_c,9,76,0
2,21187, Note_on_c,9,60,80
2,21187, Note_on_c,9,71,80
2,21218, Note_off_c,9,71,0
2,21218, Note_on_c,9,76,80
2,21249, Note_on_c,9,60,0
2,21249, Note_off_c,9,76,0
2,21250, Note_on_c,9,45,80
2,21250, Note_on_c,9,69,80
2,21280, Note_off_c,9,69,0
2,21281, Note_on_c,9,76,80
2,21312, Note_on_c,9,45,0
2,21312, Note_off_c,9,76,0
2,21312, Note_on_c,9,57,80
2,21312, Note_on_c,9,74,80
2,21343, Note_off_c,9,74,0
2,21343, Note_on_c,9,76,80
2,21374, Note_on_c,9,57,0
2,21374, Note_off_c,9,76,0
2,21375, Note_on_c,9,59,80
2,21375, Note_on_c,9,72,80
2,21405, Note_off_c,9,72,0
2,21406, Note_on_c,9,76,80
2,21437, Note_on_c,9,59,0
2,21437, Note_off_c,9,76,0
2,21437, Note_on_c,9,60,80
2,21437, Note_on_c,9,71,80
2,21468, Note_off_c,9,71,0
2,21468, Note_on_c,9,76,80
2,21499, Note_on_c,9,60,0
2,21499, Note_off_c,9,76,0
2,21500, Note_on_c,9,41,80
2,21500, Note_on_c,9,69,80
2,21530, Note_off_c,9,69,0
2,21531, Note_on_c,9,81,80
2,21562, Note_on_c,9,41,0
2,21562, Note_off_c,9,81,0
2,21562, Note_on_c,9,53,80
2,21562, Note_on_c,9,79,80
2,21593, Note_off_c,9,79,0
2,21593, Note_on_c,9,81,80
2,21624, Note_on_c,9,53,0
2,21624, Note_off_c,9,81,0
2,21625, Note_on_c,9,55,80
2,21625, Note_on_c,9,77,80
2,21655, Note_off_c,9,77,0
2,21656, Note_on_c,9,81,80
2,21687, Note_on_c,9,55,0
2,21687, Note_off_c,9,81,0
2,21687, Note_on_c,9,57,80
2,21687, Note_on_c,9,76,80
2,21718, Note_off_c,9,76,0
2,21718, Note_on_c,9,81,80
2,21749, Note_on_c,9,57,0
2,21749, Note_off_c,9,81,0
2,21750, Note_on_c,9,41,80
2,21750, Note_on_c,9,72,80
2,21780, Note_off_c,9,72,0
2,21781, Note_on_c,9,81,80
2,21812, Note_on_c,9,41,0
2,21812, Note_off_c,9,81,0
2,21812, Note_on_c,9,53,80
2,21812, Note_on_c,9,79,80
2,21843, Note_off_c,9,79,0
2,21843, Note_on_c,9,81,80
2,21874, Note_on_c,9,53,0
2,21874, Note_off_c,9,81,0
2,21875, Note_on_c,9,55,80
2,21875, Note_on_c,9,77,80
2,21905, Note_off_c,9,77,0
2,21906, Note_on_c,9,81,80
2,21937, Note_on_c,9,55,0
2,21937, Note_off_c,9,81,0
2,21937, Note_on_c,9,57,80
2,21937, Note_on_c,9,76,80
2,21968, Note_off_c,9,76,0
2,21968, Note_on_c,9,81,80
2,21999, Note_on_c,9,57,0
2,21999, Note_off_c,9,81,0
2,22000, Note_on_c,9,36,80
2,22000, Note_on_c,9,72,80
2,22030, Note_off_c,9,72,0
2,22031, Note_on_c,9,79,80
2,22062, Note_on_c,9,36,0
2,22062, Note_off_c,9,79,0
2,22062, Note_on_c,9,48,80
2,22062, Note_on_c,9,77,80
2,22093, Note_off_c,9,77,0
2,22093, Note_on_c,9,79,80
2,22124, Note_on_c,9,48,0
2,22124, Note_off_c,9,79,0
2,22125, Note_on_c,9,50,80
2,22125, Note_on_c,9,76,80
2,22155, Note_off_c,9,76,0
2,22156, Note_on_c,9,79,80
2,22187, Note_on_c,9,50,0
2,22187, Note_off_c,9,79,0
2,22187, Note_on_c,9,52,80
2,22187, Note_on_c,9,74,80
2,22218, Note_off_c,9,74,0
2,22218, Note_on_c,9,79,80
2,22249, Note_on_c,9,52,0
2,22249, Note_off_c,9,79,0
2,22250, Note_on_c,9,36,80
2,22250, Note_on_c,9,72,80
2,22280, Note_off_c,9,72,0
2,22281, Note_on_c,9,79,80
2,22312, Note_on_c,9,36,0
2,22312, Note_off_c,9,79,0
2,22312, Note_on_c,9,48,80
2,22312, Note_on_c,9,77,80
2,22343, Note_off_c,9,77,0
2,22343, Note_on_c,9,79,80
2,22374, Note_on_c,9,48,0
2,22374, Note_off_c,9,79,0
2,22375, Note_on_c,9,50,80
2,22375, Note_on_c,9,76,80
2,22405, Note_off_c,9,76,0
2,22406, Note_on_c,9,79,80
2,22437, Note_on_c,9,50,0
2,22437, Note_off_c,9,79,0
2,22437, Note_on_c,9,52,80
2,22437, Note_on_c,9,74,80
2,22468, Note_off_c,9,74,0
2,22468, Note_on_c,9,79,80
2,22499, Note_on_c,9,52,0
2,22499, Note_off_c,9,79,0
2,22500, Note_on_c,9,38,80
2,22500, Note_on_c,9,69,80
2,22530, Note_off_c,9,69,0
2,22531, Note_on_c,9,77,80
2,22562, Note_on_c,9,38,0
2,22562, Note_off_c,9,77,0
2,22562, Note_on_c,9,50,80
2,22562, Note_on_c,9,76,80
2,22593, Note_off_c,9,76,0
2,22593, Note_on_c,9,77,80
2,22624, Note_on_c,9,50,0
2,22624, Note_off_c,9,77,0
2,22625, Note_on_c,9,52,80
2,22625, Note_on_c,9,74,80
2,22655, Note_off_c,9,74,0
2,22656, Note_on_c,9,77,80
2,22687, Note_on_c,9,52,0
2,22687, Note_off_c,9,77,0
2,22687, Note_on_c,9,53,80
2,22687, Note_on_c,9,72,80
2,22718, Note_off_c,9,72,0
2,22718, Note_on_c,9,77,80
2,22749, Note_on_c,9,53,0
2,22749, Note_off_c,9,77,0
2,22750, Note_on_c,9,38,80
2,22750, Note_on_c,9,69,80
2,22780, Note_off_c,9,69,0
2,22781, Note_on_c,9,77,80
2,22812, Note_on_c,9,38,0
2,22812, Note_off_c,9,77,0
2,22812, Note_on_c,9,50,80
2,22812, Note_on_c,9,76,80
2,22843, Note_off_c,9,76,0
2,22843, Note_on_c,9,77,80
2,22874, Note_on_c,9,50,0
2,22874, Note_off_c,9,77,0
2,22875, Note_on_c,9,52,80
2,22875, Note_on_c,9,74,80
2,22905, Note_off_c,9,74,0
2,22906, Note_on_c,9,77,80
2,22937, Note_on_c,9,52,0
2,22937, Note_off_c,9,77,0
2,22937, Note_on_c,9,53,80
2,22937, Note_on_c,9,72,80
2,22968, Note_off_c,9,72,0
2,22968, Note_on_c,9,77,80
2,22999, Note_on_c,9,53,0
2,22999, Note_off_c,9,77,0
2,23000, Note_on_c,9,40,80
2,23000, Note_on_c,9,68,80
2,23030, Note_off_c,9,68,0
2,23031, Note_on_c,9,76,80
2,23062, Note_on_c,9,40,0
2,23062, Note_off_c,9,76,0
2,23062, Note_on_c,9,52,80
2,23062, Note_on_c,9,74,80
2,23093, Note_off_c,9,74,0
2,23093, Note_on_c,9,76,80
2,23124, Note_on_c,9,52,0
2,23124, Note_off_c,9,76,0
2,23125, Note_on_c,9,53,80
2,23125, Note_on_c,9,72,80
2,23155, Note_off_c,9,72,0
2,23156, Note_on_c,9,76,80
2,23187, Note_on_c,9,53,0
2,23187, Note_off_c,9,76,0
2,23187, Note_on_c,9,56,80
2,23187, Note_on_c,9,71,80
2,23218, Note_off_c,9,71,0
2,23218, Note_on_c,9,76,80
2,23249, Note_on_c,9,56,0
2,23249, Note_off_c,9,76,0
2,23250, Note_on_c,9,40,80
2,23250, Note_on_c,9,68,80
2,23280, Note_off_c,9,68,0
2,23281, Note_on_c,9,76,80
2,23312, Note_on_c,9,40,0
2,23312, Note_off_c,9,76,0
2,23312, Note_on_c,9,52,80
2,23312, Note_on_c,9,74,80
2,23343, Note_off_c,9,74,0
2,23343, Note_on_c,9,76,80
2,23374, Note_on_c,9,52,0
2,23374, Note_off_c,9,76,0
2,23375, Note_on_c,9,53,80
2,23375, Note_on_c,9,72,80
2,23405, Note_off_c,9,72,0
2,23406, Note_on_c,9,76,80
2,23437, Note_on_c,9,53,0
2,23437, Note_off_c,9,76,0
2,23437, Note_on_c,9,56,80
2,23437, Note_on_c,9,71,80
2,23468, Note_off_c,9,71,0
2,23468, Note_on_c,9,76,80
2,23499, Note_on_c,9,56,0
2,23499, Note_off_c,9,76,0
2,23500, Note_on_c,9,69,80
2,23530, Note_off_c,9,69,0
2,23531, Note_on_c,9,72,80
2,23562, Note_off_c,9,72,0
2,23562, Note_on_c,9,76,80
2,23593, Note_off_c,9,76,0
2,23593, Note_on_c,9,81,80
2,23718, Note_off_c,9,81,0
2,23718, End_track
3,0, Start_track
3,0, Program_c,10,81
3,0, Note_on_c,10,45,80
3,30, Note_on_c,10,45,0
3,31, Note_on_c,10,45,80
3,62, Note_on_c,10,45,0
3,62, Note_on_c,10,57,80
3,93, Note_on_c,10,57,0
3,93, Note_on_c,10,45,80
3,124, Note_on_c,10,45,0
3,125, Note_on_c,10,45,80
3,155, Note_on_c,10,45,0
3,156, Note_on_c,10,45,80
3,187, Note_on_c,10,45,0
3,187, Note_on_c,10,57,80
3,218, Note_on_c,10,57,0
3,218, Note_on_c,10,45,80
3,249, Note_on_c,10,45,0
3,250, Note_on_c,10,45,80
3,280, Note_on_c,10,45,0
3,281, Note_on_c,10,45,80
3,312, Note_on_c,10,45,0
3,312, Note_on_c,10,57,80
3,343, Note_on_c,10,57,0
3,343, Note_on_c,10,45,80
3,374, Note_on_c,10,45,0
3,375, Note_on_c,10,45,80
3,405, Note_on_c,10,45,0
3,406, Note_on_c,10,45,80
3,437, Note_on_c,10,45,0
3,437, Note_on_c,10,57,80
3,468, Note_on_c,10,57,0
3,468, Note_on_c,10,45,80
3,499, Note_on_c,10,45,0
3,500, Note_on_c,10,45,80
3,530, Note_on_c,10,45,0
3,531, Note_on_c,10,45,80
3,562, Note_on_c,10,45,0
3,562, Note_on_c,10,57,80
3,593, Note_on_c,10,57,0
3,593, Note_on_c,10,45,80
3,624, Note_on_c,10,45,0
3,625, Note_on_c,10,45,80
3,655, Note_on_c,10,45,0
3,656, Note_on_c,10,45,80
3,687, Note_on_c,10,45,0
3,687, Note_on_c,10,57,80
3,718, Note_on_c,10,57,0
3,718, Note_on_c,10,45,80
3,749, Note_on_c,10,45,0
3,750, Note_on_c,10,43,80
3,780, Note_on_c,10,43,0
3,781, Note_on_c,10,43,80
3,812, Note_on_c,10,43,0
3,812, Note_on_c,10,55,80
3,843, Note_on_c,10,55,0
3,843, Note_on_c,10,43,80
3,874, Note_on_c,10,43,0
3,875, Note_on_c,10,43,80
3,905, Note_on_c,10,43,0
3,906, Note_on_c,10,43,80
3,937, Note_on_c,10,43,0
3,937, Note_on_c,10,55,80
3,968, Note_on_c,10,55,0
3,968, Note_on_c,10,43,80
3,999, Note_on_c,10,43,0
3,1000, Note_on_c,10,41,80
3,1030, Note_on_c,10,41,0
3,1031, Note_on_c,10,41,80
3,1062, Note_on_c,10,41,0
3,1062, Note_on_c,10,53,80
3,1093, Note_on_c,10,53,0
3,1093, Note_on_c,10,41,80
3,1124, Note_on_c,10,41,0
3,1125, Note_on_c,10,40,80
3,1155, Note_on_c,10,40,0
3,1156, Note_on_c,10,40,80
3,1187, Note_on_c,10,40,0
3,1187, Note_on_c,10,52,80
3,1218, Note_on_c,10,52,0
3,1218, Note_on_c,10,40,80
3,1249, Note_on_c,10,40,0
3,1250, Note_on_c,10,45,80
3,1280, Note_on_c,10,45,0
3,1281, Note_on_c,10,45,80
3,1312, Note_on_c,10,45,0
3,1312, Note_on_c,10,57,80
3,1343, Note_on_c,10,57,0
3,1343, Note_on_c,10,45,80
3,1374, Note_on_c,10,45,0
3,1375, Note_on_c,10,45,80
3,1405, Note_on_c,10,45,0
3,1406, Note_on_c,10,45,80
3,1437, Note_on_c,10,45,0
3,1437, Note_on_c,10,57,80
3,1468, Note_on_c,10,57,0
3,1468, Note_on_c,10,45,80
3,1499, Note_on_c,10,45,0
3,1500, Note_on_c,10,45,80
3,1530, Note_on_c,10,45,0
3,1531, Note_on_c,10,45,80
3,1562, Note_on_c,10,45,0
3,1562, Note_on_c,10,57,80
3,1593, Note_on_c,10,57,0
3,1593, Note_on_c,10,45,80
3,1624, Note_on_c,10,45,0
3,1625, Note_on_c,10,45,80
3,1655, Note_on_c,10,45,0
3,1656, Note_on_c,10,45,80
3,1687, Note_on_c,10,45,0
3,1687, Note_on_c,10,57,80
3,1718, Note_on_c,10,57,0
3,1718, Note_on_c,10,45,80
3,1749, Note_on_c,10,45,0
3,1750, Note_on_c,10,43,80
3,1780, Note_on_c,10,43,0
3,1781, Note_on_c,10,43,80
3,1812, Note_on_c,10,43,0
3,1812, Note_on_c,10,55,80
3,1843, Note_on_c,10,55,0
3,1843, Note_on_c,10,43,80
3,1874, Note_on_c,10,43,0
3,1875, Note_on_c,10,43,80
3,1905, Note_on_c,10,43,0
3,1906, Note_on_c,10,43,80
3,1937, Note_on_c,10,43,0
3,1937, Note_on_c,10,55,80
3,1968, Note_on_c,10,55,0
3,1968, Note_on_c,10,43,80
3,1999, Note_on_c,10,43,0
3,2000, Note_on_c,10,41,80
3,2030, Note_on_c,10,41,0
3,2031, Note_on_c,10,41,80
3,2062, Note_on_c,10,41,0
3,2062, Note_on_c,10,53,80
3,2093, Note_on_c,10,53,0
3,2093, Note_on_c,10,41,80
3,2124, Note_on_c,10,41,0
3,2125, Note_on_c,10,40,80
3,2155, Note_on_c,10,40,0
3,2156, Note_on_c,10,40,80
3,2187, Note_on_c,10,40,0
3,2187, Note_on_c,10,52,80
3,2218, Note_on_c,10,52,0
3,2218, Note_on_c,10,40,80
3,2249, Note_on_c,10,40,0
3,2250, Note_on_c,10,45,80
3,2280, Note_on_c,10,45,0
3,2281, Note_on_c,10,45,80
3,2312, Note_on_c,10,45,0
3,2312, Note_on_c,10,57,80
3,2343, Note_on_c,10,57,0
3,2343, Note_on_c,10,45,80
3,2374, Note_on_c,10,45,0
3,2375, Note_on_c,10,45,80
3,2405, Note_on_c,10,45,0
3,2406, Note_on_c,10,45,80
3,2437, Note_on_c,10,45,0
3,2437, Note_on_c,10,57,80
3,2468, Note_on_c,10,57,0
3,2468, Note_on_c,10,45,80
3,2499, Note_on_c,10,45,0
3,2500, Note_on_c,10,48,80
3,2530, Note_on_c,10,48,0
3,2531, Note_on_c,10,48,80
3,2562, Note_on_c,10,48,0
3,2562, Note_on_c,10,60,80
3,2593, Note_on_c,10,60,0
3,2593, Note_on_c,10,48,80
3,2624, Note_on_c,10,48,0
3,2625, Note_on_c,10,48,80
3,2655, Note_on_c,10,48,0
3,2656, Note_on_c,10,48,80
3,2687, Note_on_c,10,48,0
3,2687, Note_on_c,10,60,80
3,2718, Note_on_c,10,60,0
3,2718, Note_on_c,10,48,80
3,2749, Note_on_c,10,48,0
3,2750, Note_on_c,10,43,80
3,2780, Note_on_c,10,43,0
3,2781, Note_on_c,10,43,80
3,2812, Note_on_c,10,43,0
3,2812, Note_on_c,10,55,80
3,2843, Note_on_c,10,55,0
3,2843, Note_on_c,10,43,80
3,2874, Note_on_c,10,43,0
3,2875, Note_on_c,10,43,80
3,2905, Note_on_c,10,43,0
3,2906, Note_on_c,10,43,80
3,2937, Note_on_c,10,43,0
3,2937, Note_on_c,10,55,80
3,2968, Note_on_c,10,55,0
3,2968, Note_on_c,10,43,80
3,2999, Note_on_c,10,43,0
3,3000, Note_on_c,10,45,80
3,3030, Note_on_c,10,45,0
3,3031, Note_on_c,10,45,80
3,3062, Note_on_c,10,45,0
3,3062, Note_on_c,10,57,80
3,3093, Note_on_c,10,57,0
3,3093, Note_on_c,10,45,80
3,3124, Note_on_c,10,45,0
3,3125, Note_on_c,10,45,80
3,3155, Note_on_c,10,45,0
3,3156, Note_on_c,10,45,80
3,3187, Note_on_c,10,45,0
3,3187, Note_on_c,10,57,80
3,3218, Note_on_c,10,57,0
3,3218, Note_on_c,10,45,80
3,3249, Note_on_c,10,45,0
3,3250, Note_on_c,10,40,80
3,3280, Note_on_c,10,40,0
3,3281, Note_on_c,10,40,80
3,3312, Note_on_c,10,40,0
3,3312, Note_on_c,10,52,80
3,3343, Note_on_c,10,52,0
3,3343, Note_on_c,10,40,80
3,3374, Note_on_c,10,40,0
3,3375, Note_on_c,10,40,80
3,3405, Note_on_c,10,40,0
3,3406, Note_on_c,10,40,80
3,3437, Note_on_c,10,40,0
3,3437, Note_on_c,10,52,80
3,3468, Note_on_c,10,52,0
3,3468, Note_on_c,10,40,80
3,3499, Note_on_c,10,40,0
3,3500, Note_on_c,10,45,80
3,3530, Note_on_c,10,45,0
3,3531, Note_on_c,10,45,80
3,3562, Note_on_c,10,45,0
3,3562, Note_on_c,10,57,80
3,3593, Note_on_c,10,57,0
3,3593, Note_on_c,10,45,80
3,3624, Note_on_c,10,45,0
3,3625, Note_on_c,10,45,80
3,3655, Note_on_c,10,45,0
3,3656, Note_on_c,10,45,80
3,3687, Note_on_c,10,45,0
3,3687, Note_on_c,10,57,80
3,3718, Note_on_c,10,57,0
3,3718, Note_on_c,10,45,80
3,3749, Note_on_c,10,45,0
3,3750, Note_on_c,10,45,80
3,3780, Note_on_c,10,45,0
3,3781, Note_on_c,10,45,80
3,3812, Note_on_c,10,45,0
3,3812, Note_on_c,10,57,80
3,3843, Note_on_c,10,57,0
3,3843, Note_on_c,10,45,80
3,3874, Note_on_c,10,45,0
3,3875, Note_on_c,10,45,80
3,3905, Note_on_c,10,45,0
3,3906, Note_on_c,10,45,80
3,3937, Note_on_c,10,45,0
3,3937, Note_on_c,10,57,80
3,3968, Note_on_c,10,57,0
3,3968, Note_on_c,10,45,80
3,3999, Note_on_c,10,45,0
3,4000, Note_on_c,10,43,80
3,4030, Note_on_c,10,43,0
3,4031, Note_on_c,10,43,80
3,4062, Note_on_c,10,43,0
3,4062, Note_on_c,10,55,80
3,4093, Note_on_c,10,55,0
3,4093, Note_on_c,10,43,80
3,4124, Note_on_c,10,43,0
3,4125, Note_on_c,10,43,80
3,4155, Note_on_c,10,43,0
3,4156, Note_on_c,10,43,80
3,4187, Note_on_c,10,43,0
3,4187, Note_on_c,10,55,80
3,4218, Note_on_c,10,55,0
3,4218, Note_on_c,10,43,80
3,4249, Note_on_c,10,43,0
3,4250, Note_on_c,10,43,80
3,4280, Note_on_c,10,43,0
3,4281, Note_on_c,10,43,80
3,4312, Note_on_c,10,43,0
3,4312, Note_on_c,10,55,80
3,4343, Note_on_c,10,55,0
3,4343, Note_on_c,10,43,80
3,4374, Note_on_c,10,43,0
3,4375, Note_on_c,10,43,80
3,4405, Note_on_c,10,43,0
3,4406, Note_on_c,10,43,80
3,4437, Note_on_c,10,43,0
3,4437, Note_on_c,10,55,80
3,4468, Note_on_c,10,55,0
3,4468, Note_on_c,10,43,80
3,4499, Note_on_c,10,43,0
3,4500, Note_on_c,10,38,80
3,4530, Note_on_c,10,38,0
3,4531, Note_on_c,10,38,80
3,4562, Note_on_c,10,38,0
3,4562, Note_on_c,10,50,80
3,4593, Note_on_c,10,50,0
3,4593, Note_on_c,10,38,80
3,4624, Note_on_c,10,38,0
3,4625, Note_on_c,10,38,80
3,4655, Note_on_c,10,38,0
3,4656, Note_on_c,10,38,80
3,4687, Note_on_c,10,38,0
3,4687, Note_on_c,10,50,80
3,4718, Note_on_c,10,50,0
3,4718, Note_on_c,10,38,80
3,4749, Note_on_c,10,38,0
3,4750, Note_on_c,10,38,80
3,4780, Note_on_c,10,38,0
3,4781, Note_on_c,10,38,80
3,4812, Note_on_c,10,38,0
3,4812, Note_on_c,10,50,80
3,4843, Note_on_c,10,50,0
3,4843, Note_on_c,10,38,80
3,4874, Note_on_c,10,38,0
3,4875, Note_on_c,10,38,80
3,4905, Note_on_c,10,38,0
3,4906, Note_on_c,10,38,80
3,4937, Note_on_c,10,38,0
3,4937, Note_on_c,10,50,80
3,4968, Note_on_c,10,50,0
3,4968, Note_on_c,10,38,80
3,4999, Note_on_c,10,38,0
3,5000, Note_on_c,10,45,80
3,5030, Note_on_c,10,45,0
3,5031, Note_on_c,10,45,80
3,5062, Note_on_c,10,45,0
3,5062, Note_on_c,10,57,80
3,5093, Note_on_c,10,57,0
3,5093, Note_on_c,10,45,80
3,5124, Note_on_c,10,45,0
3,5125, Note_on_c,10,45,80
3,5155, Note_on_c,10,45,0
3,5156, Note_on_c,10,45,80
3,5187, Note_on_c,10,45,0
3,5187, Note_on_c,10,57,80
3,5218, Note_on_c,10,57,0
3,5218, Note_on_c,10,45,80
3,5249, Note_on_c,10,45,0
3,5250, Note_on_c,10,45,80
3,5280, Note_on_c,10,45,0
3,5281, Note_on_c,10,45,80
3,5312, Note_on_c,10,45,0
3,5312, Note_on_c,10,57,80
3,5343, Note_on_c,10,57,0
3,5343, Note_on_c,10,45,80
3,5374, Note_on_c,10,45,0
3,5375, Note_on_c,10,45,80
3,5405, Note_on_c,10,45,0
3,5406, Note_on_c,10,45,80
3,5437, Note_on_c,10,45,0
3,5437, Note_on_c,10,57,80
3,5468, Note_on_c,10,57,0
3,5468, Note_on_c,10,45,80
3,5499, Note_on_c,10,45,0
3,5500, Note_on_c,10,41,80
3,5530, Note_on_c,10,41,0
3,5531, Note_on_c,10,41,80
3,5562, Note_on_c,10,41,0
3,5562, Note_on_c,10,53,80
3,5593, Note_on_c,10,53,0
3,5593, Note_on_c,10,41,80
3,5624, Note_on_c,10,41,0
3,5625, Note_on_c,10,41,80
3,5655, Note_on_c,10,41,0
3,5656, Note_on_c,10,41,80
3,5687, Note_on_c,10,41,0
3,5687, Note_on_c,10,53,80
3,5718, Note_on_c,10,53,0
3,5718, Note_on_c,10,41,80
3,5749, Note_on_c,10,41,0
3,5750, Note_on_c,10,41,80
3,5780, Note_on_c,10,41,0
3,5781, Note_on_c,10,41,80
3,5812, Note_on_c,10,41,0
3,5812, Note_on_c,10,53,80
3,5843, Note_on_c,10,53,0
3,5843, Note_on_c,10,41,80
3,5874, Note_on_c,10,41,0
3,5875, Note_on_c,10,41,80
3,5905, Note_on_c,10,41,0
3,5906, Note_on_c,10,41,80
3,5937, Note_on_c,10,41,0
3,5937, Note_on_c,10,53,80
3,5968, Note_on_c,10,53,0
3,5968, Note_on_c,10,41,80
3,5999, Note_on_c,10,41,0
3,6000, Note_on_c,10,36,80
3,6030, Note_on_c,10,36,0
3,6031, Note_on_c,10,36,80
3,6062, Note_on_c,10,36,0
3,6062, Note_on_c,10,48,80
3,6093, Note_on_c,10,48,0
3,6093, Note_on_c,10,36,80
3,6124, Note_on_c,10,36,0
3,6125, Note_on_c,10,36,80
3,6155, Note_on_c,10,36,0
3,6156, Note_on_c,10,36,80
3,6187, Note_on_c,10,36,0
3,6187, Note_on_c,10,48,80
3,6218, Note_on_c,10,48,0
3,6218, Note_on_c,10,36,80
3,6249, Note_on_c,10,36,0
3,6250, Note_on_c,10,36,80
3,6280, Note_on_c,10,36,0
3,6281, Note_on_c,10,36,80
3,6312, Note_on_c,10,36,0
3,6312, Note_on_c,10,48,80
3,6343, Note_on_c,10,48,0
3,6343, Note_on_c,10,36,80
3,6374, Note_on_c,10,36,0
3,6375, Note_on_c,10,36,80
3,6405, Note_on_c,10,36,0
3,6406, Note_on_c,10,36,80
3,6437, Note_on_c,10,36,0
3,6437, Note_on_c,10,48,80
3,6468, Note_on_c,10,48,0
3,6468, Note_on_c,10,36,80
3,6499, Note_on_c,10,36,0
3,6500, Note_on_c,10,38,80
3,6530, Note_on_c,10,38,0
3,6531, Note_on_c,10,38,80
3,6562, Note_on_c,10,38,0
3,6562, Note_on_c,10,50,80
3,6593, Note_on_c,10,50,0
3,6593, Note_on_c,10,38,80
3,6624, Note_on_c,10,38,0
3,6625, Note_on_c,10,38,80
3,6655, Note_on_c,10,38,0
3,6656, Note_on_c,10,38,80
3,6687, Note_on_c,10,38,0
3,6687, Note_on_c,10,50,80
3,6718, Note_on_c,10,50,0
3,6718, Note_on_c,10,38,80
3,6749, Note_on_c,10,38,0
3,6750, Note_on_c,10,38,80
3,6780, Note_on_c,10,38,0
3,6781, Note_on_c,10,38,80
3,6812, Note_on_c,10,38,0
3,6812, Note_on_c,10,50,80
3,6843, Note_on_c,10,50,0
3,6843, Note_on_c,10,38,80
3,6874, Note_on_c,10,38,0
3,6875, Note_on_c,10,38,80
3,6905, Note_on_c,10,38,0
3,6906, Note_on_c,10,38,80
3,6937, Note_on_c,10,38,0
3,6937, Note_on_c,10,50,80
3,6968, Note_on_c,10,50,0
3,6968, Note_on_c,10,38,80
3,6999, Note_on_c,10,38,0
3,7000, Note_on_c,10,40,80
3,7030, Note_on_c,10,40,0
3,7031, Note_on_c,10,40,80
3,7062, Note_on_c,10,40,0
3,7062, Note_on_c,10,52,80
3,7093, Note_on_c,10,52,0
3,7093, Note_on_c,10,40,80
3,7124, Note_on_c,10,40,0
3,7125, Note_on_c,10,40,80
3,7155, Note_on_c,10,40,0
3,7156, Note_on_c,10,40,80
3,7187, Note_on_c,10,40,0
3,7187, Note_on_c,10,52,80
3,7218, Note_on_c,10,52,0
3,7218, Note_on_c,10,40,80
3,7249, Note_on_c,10,40,0
3,7250, Note_on_c,10,40,80
3,7280, Note_on_c,10,40,0
3,7281, Note_on_c,10,40,80
3,7312, Note_on_c,10,40,0
3,7312, Note_on_c,10,52,80
3,7343, Note_on_c,10,52,0
3,7343, Note_on_c,10,40,80
3,7374, Note_on_c,10,40,0
3,7375, Note_on_c,10,40,80
3,7405, Note_on_c,10,40,0
3,7406, Note_on_c,10,40,80
3,7437, Note_on_c,10,40,0
3,7437, Note_on_c,10,52,80
3,7468, Note_on_c,10,52,0
3,7468, Note_on_c,10,40,80
3,7499, Note_on_c,10,40,0
3,7500, Note_on_c,10,45,80
3,7530, Note_on_c,10,45,0
3,7531, Note_on_c,10,45,80
3,7562, Note_on_c,10,45,0
3,7562, Note_on_c,10,57,80
3,7593, Note_on_c,10,57,0
3,7593, Note_on_c,10,45,80
3,7624, Note_on_c,10,45,0
3,7625, Note_on_c,10,45,80
3,7655, Note_on_c,10,45,0
3,7656, Note_on_c,10,45,80
3,7687, Note_on_c,10,45,0
3,7687, Note_on_c,10,57,80
3,7718, Note_on_c,10,57,0
3,7718, Note_on_c,10,45,80
3,7749, Note_on_c,10,45,0
3,7750, Note_on_c,10,45,80
3,7780, Note_on_c,10,45,0
3,7781, Note_on_c,10,45,80
3,7812, Note_on_c,10,45,0
3,7812, Note_on_c,10,57,80
3,7843, Note_on_c,10,57,0
3,7843, Note_on_c,10,45,80
3,7874, Note_on_c,10,45,0
3,7875, Note_on_c,10,45,80
3,7905, Note_on_c,10,45,0
3,7906, Note_on_c,10,45,80
3,7937, Note_on_c,10,45,0
3,7937, Note_on_c,10,57,80
3,7968, Note_on_c,10,57,0
3,7968, Note_on_c,10,45,80
3,7999, Note_on_c,10,45,0
3,8000, Note_on_c,10,43,80
3,8030, Note_on_c,10,43,0
3,8031, Note_on_c,10,43,80
3,8062, Note_on_c,10,43,0
3,8062, Note_on_c,10,55,80
3,8093, Note_on_c,10,55,0
3,8093, Note_on_c,10,43,80
3,8124, Note_on_c,10,43,0
3,8125, Note_on_c,10,43,80
3,8155, Note_on_c,10,43,0
3,8156, Note_on_c,10,43,80
3,8187, Note_on_c,10,43,0
3,8187, Note_on_c,10,55,80
3,8218, Note_on_c,10,55,0
3,8218, Note_on_c,10,43,80
3,8249, Note_on_c,10,43,0
3,8250, Note_on_c,10,43,80
3,8280, Note_on_c,10,43,0
3,8281, Note_on_c,10,43,80
3,8312, Note_on_c,10,43,0
3,8312, Note_on_c,10,55,80
3,8343, Note_on_c,10,55,0
3,8343, Note_on_c,10,43,80
3,8374, Note_on_c,10,43,0
3,8375, Note_on_c,10,43,80
3,8405, Note_on_c,10,43,0
3,8406, Note_on_c,10,43,80
3,8437, Note_on_c,10,43,0
3,8437, Note_on_c,10,55,80
3,8468, Note_on_c,10,55,0
3,8468, Note_on_c,10,43,80
3,8499, Note_on_c,10,43,0
3,8500, Note_on_c,10,38,80
3,8530, Note_on_c,10,38,0
3,8531, Note_on_c,10,38,80
3,8562, Note_on_c,10,38,0
3,8562, Note_on_c,10,50,80
3,8593, Note_on_c,10,50,0
3,8593, Note_on_c,10,38,80
3,8624, Note_on_c,10,38,0
3,8625, Note_on_c,10,38,80
3,8655, Note_on_c,10,38,0
3,8656, Note_on_c,10,38,80
3,8687, Note_on_c,10,38,0
3,8687, Note_on_c,10,50,80
3,8718, Note_on_c,10,50,0
3,8718, Note_on_c,10,38,80
3,8749, Note_on_c,10,38,0
3,8750, Note_on_c,10,38,80
3,8780, Note_on_c,10,38,0
3,8781, Note_on_c,10,38,80
3,8812, Note_on_c,10,38,0
3,8812, Note_on_c,10,50,80
3,8843, Note_on_c,10,50,0
3,8843, Note_on_c,10,38,80
3,8874, Note_on_c,10,38,0
3,8875, Note_on_c,10,38,80
3,8905, Note_on_c,10,38,0
3,8906, Note_on_c,10,38,80
3,8937, Note_on_c,10,38,0
3,8937, Note_on_c,10,50,80
3,8968, Note_on_c,10,50,0
3,8968, Note_on_c,10,38,80
3,8999, Note_on_c,10,38,0
3,9000, Note_on_c,10,45,80
3,9030, Note_on_c,10,45,0
3,9031, Note_on_c,10,45,80
3,9062, Note_on_c,10,45,0
3,9062, Note_on_c,10,57,80
3,9093, Note_on_c,10,57,0
3,9093, Note_on_c,10,45,80
3,9124, Note_on_c,10,45,0
3,9125, Note_on_c,10,45,80
3,9155, Note_on_c,10,45,0
3,9156, Note_on_c,10,45,80
3,9187, Note_on_c,10,45,0
3,9187, Note_on_c,10,57,80
3,9218, Note_on_c,10,57,0
3,9218, Note_on_c,10,45,80
3,9249, Note_on_c,10,45,0
3,9250, Note_on_c,10,45,80
3,9280, Note_on_c,10,45,0
3,9281, Note_on_c,10,45,80
3,9312, Note_on_c,10,45,0
3,9312, Note_on_c,10,57,80
3,9343, Note_on_c,10,57,0
3,9343, Note_on_c,10,45,80
3,9374, Note_on_c,10,45,0
3,9375, Note_on_c,10,45,80
3,9405, Note_on_c,10,45,0
3,9406, Note_on_c,10,45,80
3,9437, Note_on_c,10,45,0
3,9437, Note_on_c,10,57,80
3,9468, Note_on_c,10,57,0
3,9468, Note_on_c,10,45,80
3,9499, Note_on_c,10,45,0
3,9500, Note_on_c,10,41,80
3,9530, Note_on_c,10,41,0
3,9531, Note_on_c,10,41,80
3,9562, Note_on_c,10,41,0
3,9562, Note_on_c,10,53,80
3,9593, Note_on_c,10,53,0
3,9593, Note_on_c,10,41,80
3,9624, Note_on_c,10,41,0
3,9625, Note_on_c,10,41,80
3,9655, Note_on_c,10,41,0
3,9656, Note_on_c,10,41,80
3,9687, Note_on_c,10,41,0
3,9687, Note_on_c,10,53,80
3,9718, Note_on_c,10,53,0
3,9718, Note_on_c,10,41,80
3,9749, Note_on_c,10,41,0
3,9750, Note_on_c,10,41,80
3,9780, Note_on_c,10,41,0
3,9781, Note_on_c,10,41,80
3,9812, Note_on_c,10,41,0
3,9812, Note_on_c,10,53,80
3,9843, Note_on_c,10,53,0
3,9843, Note_on_c,10,41,80
3,9874, Note_on_c,10,41,0
3,9875, Note_on_c,10,41,80
3,9905, Note_on_c,10,41,0
3,9906, Note_on_c,10,41,80
3,9937, Note_on_c,10,41,0
3,9937, Note_on_c,10,53,80
3,9968, Note_on_c,10,53,0
3,9968, Note_on_c,10,41,80
3,9999, Note_on_c,10,41,0
3,10000, Note_on_c,10,36,80
3,10030, Note_on_c,10,36,0
3,10031, Note_on_c,10,36,80
3,10062, Note_on_c,10,36,0
3,10062, Note_on_c,10,48,80
3,10093, Note_on_c,10,48,0
3,10093, Note_on_c,10,36,80
3,10124, Note_on_c,10,36,0
3,10125, Note_on_c,10,36,80
3,10155, Note_on_c,10,36,0
3,10156, Note_on_c,10,36,80
3,10187, Note_on_c,10,36,0
3,10187, Note_on_c,10,48,80
3,10218, Note_on_c,10,48,0
3,10218, Note_on_c,10,36,80
3,10249, Note_on_c,10,36,0
3,10250, Note_on_c,10,36,80
3,10280, Note_on_c,10,36,0
3,10281, Note_on_c,10,36,80
3,10312, Note_on_c,10,36,0
3,10312, Note_on_c,10,48,80
3,10343, Note_on_c,10,48,0
3,10343, Note_on_c,10,36,80
3,10374, Note_on_c,10,36,0
3,10375, Note_on_c,10,36,80
3,10405, Note_on_c,10,36,0
3,10406, Note_on_c,10,36,80
3,10437, Note_on_c,10,36,0
3,10437, Note_on_c,10,48,80
3,10468, Note_on_c,10,48,0
3,10468, Note_on_c,10,36,80
3,10499, Note_on_c,10,36,0
3,10500, Note_on_c,10,38,80
3,10530, Note_on_c,10,38,0
3,10531, Note_on_c,10,38,80
3,10562, Note_on_c,10,38,0
3,10562, Note_on_c,10,50,80
3,10593, Note_on_c,10,50,0
3,10593, Note_on_c,10,38,80
3,10624, Note_on_c,10,38,0
3,10625, Note_on_c,10,38,80
3,10655, Note_on_c,10,38,0
3,10656, Note_on_c,10,38,80
3,10687, Note_on_c,10,38,0
3,10687, Note_on_c,10,50,80
3,10718, Note_on_c,10,50,0
3,10718, Note_on_c,10,38,80
3,10749, Note_on_c,10,38,0
3,10750, Note_on_c,10,38,80
3,10780, Note_on_c,10,38,0
3,10781, Note_on_c,10,38,80
3,10812, Note_on_c,10,38,0
3,10812, Note_on_c,10,50,80
3,10843, Note_on_c,10,50,0
3,10843, Note_on_c,10,38,80
3,10874, Note_on_c,10,38,0
3,10875, Note_on_c,10,38,80
3,10905, Note_on_c,10,38,0
3,10906, Note_on_c,10,38,80
3,10937, Note_on_c,10,38,0
3,10937, Note_on_c,10,50,80
3,10968, Note_on_c,10,50,0
3,10968, Note_on_c,10,38,80
3,10999, Note_on_c,10,38,0
3,11000, Note_on_c,10,40,80
3,11030, Note_on_c,10,40,0
3,11031, Note_on_c,10,40,80
3,11062, Note_on_c,10,40,0
3,11062, Note_on_c,10,52,80
3,11093, Note_on_c,10,52,0
3,11093, Note_on_c,10,40,80
3,11124, Note_on_c,10,40,0
3,11125, Note_on_c,10,40,80
3,11155, Note_on_c,10,40,0
3,11156, Note_on_c,10,40,80
3,11187, Note_on_c,10,40,0
3,11187, Note_on_c,10,52,80
3,11218, Note_on_c,10,52,0
3,11218, Note_on_c,10,40,80
3,11249, Note_on_c,10,40,0
3,11250, Note_on_c,10,40,80
3,11280, Note_on_c,10,40,0
3,11281, Note_on_c,10,40,80
3,11312, Note_on_c,10,40,0
3,11312, Note_on_c,10,52,80
3,11343, Note_on_c,10,52,0
3,11343, Note_on_c,10,40,80
3,11374, Note_on_c,10,40,0
3,11375, Note_on_c,10,40,80
3,11405, Note_on_c,10,40,0
3,11406, Note_on_c,10,40,80
3,11437, Note_on_c,10,40,0
3,11437, Note_on_c,10,52,80
3,11468, Note_on_c,10,52,0
3,11468, Note_on_c,10,40,80
3,11499, Note_on_c,10,40,0
3,11500, Note_on_c,10,45,80
3,11530, Note_on_c,10,45,0
3,11531, Note_on_c,10,45,80
3,11562, Note_on_c,10,45,0
3,11562, Note_on_c,10,57,80
3,11593, Note_on_c,10,57,0
3,11593, Note_on_c,10,45,80
3,11624, Note_on_c,10,45,0
3,11625, Note_on_c,10,45,80
3,11655, Note_on_c,10,45,0
3,11656, Note_on_c,10,45,80
3,11687, Note_on_c,10,45,0
3,11687, Note_on_c,10,57,80
3,11718, Note_on_c,10,57,0
3,11718, Note_on_c,10,45,80
3,11749, Note_on_c,10,45,0
3,11750, Note_on_c,10,45,80
3,11780, Note_on_c,10,45,0
3,11781, Note_on_c,10,45,80
3,11812, Note_on_c,10,45,0
3,11812, Note_on_c,10,57,80
3,11843, Note_on_c,10,57,0
3,11843, Note_on_c,10,45,80
3,11874, Note_on_c,10,45,0
3,11875, Note_on_c,10,45,80
3,11905, Note_on_c,10,45,0
3,11906, Note_on_c,10,45,80
3,11937, Note_on_c,10,45,0
3,11937, Note_on_c,10,57,80
3,11968, Note_on_c,10,57,0
3,11968, Note_on_c,10,45,80
3,11999, Note_on_c,10,45,0
3,12000, Note_on_c,10,45,80
3,12030, Note_on_c,10,45,0
3,12031, Note_on_c,10,45,80
3,12062, Note_on_c,10,45,0
3,12062, Note_on_c,10,57,80
3,12093, Note_on_c,10,57,0
3,12093, Note_on_c,10,45,80
3,12124, Note_on_c,10,45,0
3,12125, Note_on_c,10,45,80
3,12155, Note_on_c,10,45,0
3,12156, Note_on_c,10,45,80
3,12187, Note_on_c,10,45,0
3,12187, Note_on_c,10,57,80
3,12218, Note_on_c,10,57,0
3,12218, Note_on_c,10,45,80
3,12249, Note_on_c,10,45,0
3,12250, Note_on_c,10,45,80
3,12280, Note_on_c,10,45,0
3,12281, Note_on_c,10,45,80
3,12312, Note_on_c,10,45,0
3,12312, Note_on_c,10,57,80
3,12343, Note_on_c,10,57,0
3,12343, Note_on_c,10,45,80
3,12374, Note_on_c,10,45,0
3,12375, Note_on_c,10,45,80
3,12405, Note_on_c,10,45,0
3,12406, Note_on_c,10,45,80
3,12437, Note_on_c,10,45,0
3,12437, Note_on_c,10,57,80
3,12468, Note_on_c,10,57,0
3,12468, Note_on_c,10,45,80
3,12499, Note_on_c,10,45,0
3,12500, Note_on_c,10,45,80
3,12530, Note_on_c,10,45,0
3,12531, Note_on_c,10,45,80
3,12562, Note_on_c,10,45,0
3,12562, Note_on_c,10,57,80
3,12593, Note_on_c,10,57,0
3,12593, Note_on_c,10,45,80
3,12624, Note_on_c,10,45,0
3,12625, Note_on_c,10,45,80
3,12655, Note_on_c,10,45,0
3,12656, Note_on_c,10,45,80
3,12687, Note_on_c,10,45,0
3,12687, Note_on_c,10,57,80
3,12718, Note_on_c,10,57,0
3,12718, Note_on_c,10,45,80
3,12749, Note_on_c,10,45,0
3,12750, Note_on_c,10,43,80
3,12780, Note_on_c,10,43,0
3,12781, Note_on_c,10,43,80
3,12812, Note_on_c,10,43,0
3,12812, Note_on_c,10,55,80
3,12843, Note_on_c,10,55,0
3,12843, Note_on_c,10,43,80
3,12874, Note_on_c,10,43,0
3,12875, Note_on_c,10,43,80
3,12905, Note_on_c,10,43,0
3,12906, Note_on_c,10,43,80
3,12937, Note_on_c,10,43,0
3,12937, Note_on_c,10,55,80
3,12968, Note_on_c,10,55,0
3,12968, Note_on_c,10,43,80
3,12999, Note_on_c,10,43,0
3,13000, Note_on_c,10,41,80
3,13030, Note_on_c,10,41,0
3,13031, Note_on_c,10,41,80
3,13062, Note_on_c,10,41,0
3,13062, Note_on_c,10,53,80
3,13093, Note_on_c,10,53,0
3,13093, Note_on_c,10,41,80
3,13124, Note_on_c,10,41,0
3,13125, Note_on_c,10,40,80
3,13155, Note_on_c,10,40,0
3,13156, Note_on_c,10,40,80
3,13187, Note_on_c,10,40,0
3,13187, Note_on_c,10,52,80
3,13218, Note_on_c,10,52,0
3,13218, Note_on_c,10,40,80
3,13249, Note_on_c,10,40,0
3,13250, Note_on_c,10,45,80
3,13280, Note_on_c,10,45,0
3,13281, Note_on_c,10,45,80
3,13312, Note_on_c,10,45,0
3,13312, Note_on_c,10,57,80
3,13343, Note_on_c,10,57,0
3,13343, Note_on_c,10,45,80
3,13374, Note_on_c,10,45,0
3,13375, Note_on_c,10,45,80
3,13405, Note_on_c,10,45,0
3,13406, Note_on_c,10,45,80
3,13437, Note_on_c,10,45,0
3,13437, Note_on_c,10,57,80
3,13468, Note_on_c,10,57,0
3,13468, Note_on_c,10,45,80
3,13499, Note_on_c,10,45,0
3,13500, Note_on_c,10,45,80
3,13530, Note_on_c,10,45,0
3,13531, Note_on_c,10,45,80
3,13562, Note_on_c,10,45,0
3,13562, Note_on_c,10,57,80
3,13593, Note_on_c,10,57,0
3,13593, Note_on_c,10,45,80
3,13624, Note_on_c,10,45,0
3,13625, Note_on_c,10,45,80
3,13655, Note_on_c,10,45,0
3,13656, Note_on_c,10,45,80
3,13687, Note_on_c,10,45,0
3,13687, Note_on_c,10,57,80
3,13718, Note_on_c,10,57,0
3,13718, Note_on_c,10,45,80
3,13749, Note_on_c,10,45,0
3,13750, Note_on_c,10,43,80
3,13780, Note_on_c,10,43,0
3,13781, Note_on_c,10,43,80
3,13812, Note_on_c,10,43,0
3,13812, Note_on_c,10,55,80
3,13843, Note_on_c,10,55,0
3,13843, Note_on_c,10,43,80
3,13874, Note_on_c,10,43,0
3,13875, Note_on_c,10,43,80
3,13905, Note_on_c,10,43,0
3,13906, Note_on_c,10,43,80
3,13937, Note_on_c,10,43,0
3,13937, Note_on_c,10,55,80
3,13968, Note_on_c,10,55,0
3,13968, Note_on_c,10,43,80
3,13999, Note_on_c,10,43,0
3,14000, Note_on_c,10,41,80
3,14030, Note_on_c,10,41,0
3,14031, Note_on_c,10,41,80
3,14062, Note_on_c,10,41,0
3,14062, Note_on_c,10,53,80
3,14093, Note_on_c,10,53,0
3,14093, Note_on_c,10,41,80
3,14124, Note_on_c,10,41,0
3,14125, Note_on_c,10,40,80
3,14155, Note_on_c,10,40,0
3,14156, Note_on_c,10,40,80
3,14187, Note_on_c,10,40,0
3,14187, Note_on_c,10,52,80
3,14218, Note_on_c,10,52,0
3,14218, Note_on_c,10,40,80
3,14249, Note_on_c,10,40,0
3,14250, Note_on_c,10,45,80
3,14280, Note_on_c,10,45,0
3,14281, Note_on_c,10,45,80
3,14312, Note_on_c,10,45,0
3,14312, Note_on_c,10,57,80
3,14343, Note_on_c,10,57,0
3,14343, Note_on_c,10,45,80
3,14374, Note_on_c,10,45,0
3,14375, Note_on_c,10,45,80
3,14405, Note_on_c,10,45,0
3,14406, Note_on_c,10,45,80
3,14437, Note_on_c,10,45,0
3,14437, Note_on_c,10,57,80
3,14468, Note_on_c,10,57,0
3,14468, Note_on_c,10,45,80
3,14499, Note_on_c,10,45,0
3,14500, Note_on_c,10,48,80
3,14530, Note_on_c,10,48,0
3,14531, Note_on_c,10,48,80
3,14562, Note_on_c,10,48,0
3,14562, Note_on_c,10,60,80
3,14593, Note_on_c,10,60,0
3,14593, Note_on_c,10,48,80
3,14624, Note_on_c,10,48,0
3,14625, Note_on_c,10,48,80
3,14655, Note_on_c,10,48,0
3,14656, Note_on_c,10,48,80
3,14687, Note_on_c,10,48,0
3,14687, Note_on_c,10,60,80
3,14718, Note_on_c,10,60,0
3,14718, Note_on_c,10,48,80
3,14749, Note_on_c,10,48,0
3,14750, Note_on_c,10,43,80
3,14780, Note_on_c,10,43,0
3,14781, Note_on_c,10,43,80
3,14812, Note_on_c,10,43,0
3,14812, Note_on_c,10,55,80
3,14843, Note_on_c,10,55,0
3,14843, Note_on_c,10,43,80
3,14874, Note_on_c,10,43,0
3,14875, Note_on_c,10,43,80
3,14905, Note_on_c,10,43,0
3,14906, Note_on_c,10,43,80
3,14937, Note_on_c,10,43,0
3,14937, Note_on_c,10,55,80
3,14968, Note_on_c,10,55,0
3,14968, Note_on_c,10,43,80
3,14999, Note_on_c,10,43,0
3,15000, Note_on_c,10,45,80
3,15030, Note_on_c,10,45,0
3,15031, Note_on_c,10,45,80
3,15062, Note_on_c,10,45,0
3,15062, Note_on_c,10,57,80
3,15093, Note_on_c,10,57,0
3,15093, Note_on_c,10,45,80
3,15124, Note_on_c,10,45,0
3,15125, Note_on_c,10,45,80
3,15155, Note_on_c,10,45,0
3,15156, Note_on_c,10,45,80
3,15187, Note_on_c,10,45,0
3,15187, Note_on_c,10,57,80
3,15218, Note_on_c,10,57,0
3,15218, Note_on_c,10,45,80
3,15249, Note_on_c,10,45,0
3,15250, Note_on_c,10,40,80
3,15280, Note_on_c,10,40,0
3,15281, Note_on_c,10,40,80
3,15312, Note_on_c,10,40,0
3,15312, Note_on_c,10,52,80
3,15343, Note_on_c,10,52,0
3,15343, Note_on_c,10,40,80
3,15374, Note_on_c,10,40,0
3,15375, Note_on_c,10,40,80
3,15405, Note_on_c,10,40,0
3,15406, Note_on_c,10,40,80
3,15437, Note_on_c,10,40,0
3,15437, Note_on_c,10,52,80
3,15468, Note_on_c,10,52,0
3,15468, Note_on_c,10,40,80
3,15499, Note_on_c,10,40,0
3,15500, Note_on_c,10,45,80
3,15530, Note_on_c,10,45,0
3,15531, Note_on_c,10,45,80
3,15562, Note_on_c,10,45,0
3,15562, Note_on_c,10,57,80
3,15593, Note_on_c,10,57,0
3,15593, Note_on_c,10,45,80
3,15624, Note_on_c,10,45,0
3,15625, Note_on_c,10,45,80
3,15655, Note_on_c,10,45,0
3,15656, Note_on_c,10,45,80
3,15687, Note_on_c,10,45,0
3,15687, Note_on_c,10,57,80
3,15718, Note_on_c,10,57,0
3,15718, Note_on_c,10,45,80
3,15749, Note_on_c,10,45,0
3,15750, Note_on_c,10,45,80
3,15780, Note_on_c,10,45,0
3,15781, Note_on_c,10,45,80
3,15812, Note_on_c,10,45,0
3,15812, Note_on_c,10,57,80
3,15843, Note_on_c,10,57,0
3,15843, Note_on_c,10,45,80
3,15874, Note_on_c,10,45,0
3,15875, Note_on_c,10,45,80
3,15905, Note_on_c,10,45,0
3,15906, Note_on_c,10,45,80
3,15937, Note_on_c,10,45,0
3,15937, Note_on_c,10,57,80
3,15968, Note_on_c,10,57,0
3,15968, Note_on_c,10,45,80
3,15999, Note_on_c,10,45,0
3,16000, Note_on_c,10,43,80
3,16030, Note_on_c,10,43,0
3,16031, Note_on_c,10,43,80
3,16062, Note_on_c,10,43,0
3,16062, Note_on_c,10,55,80
3,16093, Note_on_c,10,55,0
3,16093, Note_on_c,10,43,80
3,16124, Note_on_c,10,43,0
3,16125, Note_on_c,10,43,80
3,16155, Note_on_c,10,43,0
3,16156, Note_on_c,10,43,80
3,16187, Note_on_c,10,43,0
3,16187, Note_on_c,10,55,80
3,16218, Note_on_c,10,55,0
3,16218, Note_on_c,10,43,80
3,16249, Note_on_c,10,43,0
3,16250, Note_on_c,10,43,80
3,16280, Note_on_c,10,43,0
3,16281, Note_on_c,10,43,80
3,16312, Note_on_c,10,43,0
3,16312, Note_on_c,10,55,80
3,16343, Note_on_c,10,55,0
3,16343, Note_on_c,10,43,80
3,16374, Note_on_c,10,43,0
3,16375, Note_on_c,10,43,80
3,16405, Note_on_c,10,43,0
3,16406, Note_on_c,10,43,80
3,16437, Note_on_c,10,43,0
3,16437, Note_on_c,10,55,80
3,16468, Note_on_c,10,55,0
3,16468, Note_on_c,10,43,80
3,16499, Note_on_c,10,43,0
3,16500, Note_on_c,10,38,80
3,16530, Note_on_c,10,38,0
3,16531, Note_on_c,10,38,80
3,16562, Note_on_c,10,38,0
3,16562, Note_on_c,10,50,80
3,16593, Note_on_c,10,50,0
3,16593, Note_on_c,10,38,80
3,16624, Note_on_c,10,38,0
3,16625, Note_on_c,10,38,80
3,16655, Note_on_c,10,38,0
3,16656, Note_on_c,10,38,80
3,16687, Note_on_c,10,38,0
3,16687, Note_on_c,10,50,80
3,16718, Note_on_c,10,50,0
3,16718, Note_on_c,10,38,80
3,16749, Note_on_c,10,38,0
3,16750, Note_on_c,10,38,80
3,16780, Note_on_c,10,38,0
3,16781, Note_on_c,10,38,80
3,16812, Note_on_c,10,38,0
3,16812, Note_on_c,10,50,80
3,16843, Note_on_c,10,50,0
3,16843, Note_on_c,10,38,80
3,16874, Note_on_c,10,38,0
3,16875, Note_on_c,10,38,80
3,16905, Note_on_c,10,38,0
3,16906, Note_on_c,10,38,80
3,16937, Note_on_c,10,38,0
3,16937, Note_on_c,10,50,80
3,16968, Note_on_c,10,50,0
3,16968, Note_on_c,10,38,80
3,16999, Note_on_c,10,38,0
3,17000, Note_on_c,10,45,80
3,17030, Note_on_c,10,45,0
3,17031, Note_on_c,10,45,80
3,17062, Note_on_c,10,45,0
3,17062, Note_on_c,10,57,80
3,17093, Note_on_c,10,57,0
3,17093, Note_on_c,10,45,80
3,17124, Note_on_c,10,45,0
3,17125, Note_on_c,10,45,80
3,17155, Note_on_c,10,45,0
3,17156, Note_on_c,10,45,80
3,17187, Note_on_c,10,45,0
3,17187, Note_on_c,10,57,80
3,17218, Note_on_c,10,57,0
3,17218, Note_on_c,10,45,80
3,17249, Note_on_c,10,45,0
3,17250, Note_on_c,10,45,80
3,17280, Note_on_c,10,45,0
3,17281, Note_on_c,10,45,80
3,17312, Note_on_c,10,45,0
3,17312, Note_on_c,10,57,80
3,17343, Note_on_c,10,57,0
3,17343, Note_on_c,10,45,80
3,17374, Note_on_c,10,45,0
3,17375, Note_on_c,10,45,80
3,17405, Note_on_c,10,45,0
3,17406, Note_on_c,10,45,80
3,17437, Note_on_c,10,45,0
3,17437, Note_on_c,10,57,80
3,17468, Note_on_c,10,57,0
3,17468, Note_on_c,10,45,80
3,17499, Note_on_c,10,45,0
3,17500, Note_on_c,10,41,80
3,17530, Note_on_c,10,41,0
3,17531, Note_on_c,10,41,80
3,17562, Note_on_c,10,41,0
3,17562, Note_on_c,10,53,80
3,17593, Note_on_c,10,53,0
3,17593, Note_on_c,10,41,80
3,17624, Note_on_c,10,41,0
3,17625, Note_on_c,10,41,80
3,17655, Note_on_c,10,41,0
3,17656, Note_on_c,10,41,80
3,17687, Note_on_c,10,41,0
3,17687, Note_on_c,10,53,80
3,17718, Note_on_c,10,53,0
3,17718, Note_on_c,10,41,80
3,17749, Note_on_c,10,41,0
3,17750, Note_on_c,10,41,80
3,17780, Note_on_c,10,41,0
3,17781, Note_on_c,10,41,80
3,17812, Note_on_c,10,41,0
3,17812, Note_on_c,10,53,80
3,17843, Note_on_c,10,53,0
3,17843, Note_on_c,10,41,80
3,17874, Note_on_c,10,41,0
3,17875, Note_on_c,10,41,80
3,17905, Note_on_c,10,41,0
3,17906, Note_on_c,10,41,80
3,17937, Note_on_c,10,41,0
3,17937, Note_on_c,10,53,80
3,17968, Note_on_c,10,53,0
3,17968, Note_on_c,10,41,80
3,17999, Note_on_c,10,41,0
3,18000, Note_on_c,10,36,80
3,18030, Note_on_c,10,36,0
3,18031, Note_on_c,10,36,80
3,18062, Note_on_c,10,36,0
3,18062, Note_on_c,10,48,80
3,18093, Note_on_c,10,48,0
3,18093, Note_on_c,10,36,80
3,18124, Note_on_c,10,36,0
3,18125, Note_on_c,10,36,80
3,18155, Note_on_c,10,36,0
3,18156, Note_on_c,10,36,80
3,18187, Note_on_c,10,36,0
3,18187, Note_on_c,10,48,80
3,18218, Note_on_c,10,48,0
3,18218, Note_on_c,10,36,80
3,18249, Note_on_c,10,36,0
3,18250, Note_on_c,10,36,80
3,18280, Note_on_c,10,36,0
3,18281, Note_on_c,10,36,80
3,18312, Note_on_c,10,36,0
3,18312, Note_on_c,10,48,80
3,18343, Note_on_c,10,48,0
3,18343, Note_on_c,10,36,80
3,18374, Note_on_c,10,36,0
3,18375, Note_on_c,10,36,80
3,18405, Note_on_c,10,36,0
3,18406, Note_on_c,10,36,80
3,18437, Note_on_c,10,36,0
3,18437, Note_on_c,10,48,80
3,18468, Note_on_c,10,48,0
3,18468, Note_on_c,10,36,80
3,18499, Note_on_c,10,36,0
3,18500, Note_on_c,10,38,80
3,18530, Note_on_c,10,38,0
3,18531, Note_on_c,10,38,80
3,18562, Note_on_c,10,38,0
3,18562, Note_on_c,10,50,80
3,18593, Note_on_c,10,50,0
3,18593, Note_on_c,10,38,80
3,18624, Note_on_c,10,38,0
3,18625, Note_on_c,10,38,80
3,18655, Note_on_c,10,38,0
3,18656, Note_on_c,10,38,80
3,18687, Note_on_c,10,38,0
3,18687, Note_on_c,10,50,80
3,18718, Note_on_c,10,50,0
3,18718, Note_on_c,10,38,80
3,18749, Note_on_c,10,38,0
3,18750, Note_on_c,10,38,80
3,18780, Note_on_c,10,38,0
3,18781, Note_on_c,10,38,80
3,18812, Note_on_c,10,38,0
3,18812, Note_on_c,10,50,80
3,18843, Note_on_c,10,50,0
3,18843, Note_on_c,10,38,80
3,18874, Note_on_c,10,38,0
3,18875, Note_on_c,10,38,80
3,18905, Note_on_c,10,38,0
3,18906, Note_on_c,10,38,80
3,18937, Note_on_c,10,38,0
3,18937, Note_on_c,10,50,80
3,18968, Note_on_c,10,50,0
3,18968, Note_on_c,10,38,80
3,18999, Note_on_c,10,38,0
3,19000, Note_on_c,10,40,80
3,19030, Note_on_c,10,40,0
3,19031, Note_on_c,10,40,80
3,19062, Note_on_c,10,40,0
3,19062, Note_on_c,10,52,80
3,19093, Note_on_c,10,52,0
3,19093, Note_on_c,10,40,80
3,19124, Note_on_c,10,40,0
3,19125, Note_on_c,10,40,80
3,19155, Note_on_c,10,40,0
3,19156, Note_on_c,10,40,80
3,19187, Note_on_c,10,40,0
3,19187, Note_on_c,10,52,80
3,19218, Note_on_c,10,52,0
3,19218, Note_on_c,10,40,80
3,19249, Note_on_c,10,40,0
3,19250, Note_on_c,10,40,80
3,19280, Note_on_c,10,40,0
3,19281, Note_on_c,10,40,80
3,19312, Note_on_c,10,40,0
3,19312, Note_on_c,10,52,80
3,19343, Note_on_c,10,52,0
3,19343, Note_on_c,10,40,80
3,19374, Note_on_c,10,40,0
3,19375, Note_on_c,10,40,80
3,19405, Note_on_c,10,40,0
3,19406, Note_on_c,10,40,80
3,19437, Note_on_c,10,40,0
3,19437, Note_on_c,10,52,80
3,19468, Note_on_c,10,52,0
3,19468, Note_on_c,10,40,80
3,19499, Note_on_c,10,40,0
3,19500, Note_on_c,10,45,80
3,19530, Note_on_c,10,45,0
3,19531, Note_on_c,10,45,80
3,19562, Note_on_c,10,45,0
3,19562, Note_on_c,10,57,80
3,19593, Note_on_c,10,57,0
3,19593, Note_on_c,10,45,80
3,19624, Note_on_c,10,45,0
3,19625, Note_on_c,10,45,80
3,19655, Note_on_c,10,45,0
3,19656, Note_on_c,10,45,80
3,19687, Note_on_c,10,45,0
3,19687, Note_on_c,10,57,80
3,19718, Note_on_c,10,57,0
3,19718, Note_on_c,10,45,80
3,19749, Note_on_c,10,45,0
3,19750, Note_on_c,10,45,80
3,19780, Note_on_c,10,45,0
3,19781, Note_on_c,10,45,80
3,19812, Note_on_c,10,45,0
3,19812, Note_on_c,10,57,80
3,19843, Note_on_c,10,57,0
3,19843, Note_on_c,10,45,80
3,19874, Note_on_c,10,45,0
3,19875, Note_on_c,10,45,80
3,19905, Note_on_c,10,45,0
3,19906, Note_on_c,10,45,80
3,19937, Note_on_c,10,45,0
3,19937, Note_on_c,10,57,80
3,19968, Note_on_c,10,57,0
3,19968, Note_on_c,10,45,80
3,19999, Note_on_c,10,45,0
3,20000, Note_on_c,10,43,80
3,20030, Note_on_c,10,43,0
3,20031, Note_on_c,10,43,80
3,20062, Note_on_c,10,43,0
3,20062, Note_on_c,10,55,80
3,20093, Note_on_c,10,55,0
3,20093, Note_on_c,10,43,80
3,20124, Note_on_c,10,43,0
3,20125, Note_on_c,10,43,80
3,20155, Note_on_c,10,43,0
3,20156, Note_on_c,10,43,80
3,20187, Note_on_c,10,43,0
3,20187, Note_on_c,10,55,80
3,20218, Note_on_c,10,55,0
3,20218, Note_on_c,10,43,80
3,20249, Note_on_c,10,43,0
3,20250, Note_on_c,10,43,80
3,20280, Note_on_c,10,43,0
3,20281, Note_on_c,10,43,80
3,20312, Note_on_c,10,43,0
3,20312, Note_on_c,10,55,80
3,20343, Note_on_c,10,55,0
3,20343, Note_on_c,10,43,80
3,20374, Note_on_c,10,43,0
3,20375, Note_on_c,10,43,80
3,20405, Note_on_c,10,43,0
3,20406, Note_on_c,10,43,80
3,20437, Note_on_c,10,43,0
3,20437, Note_on_c,10,55,80
3,20468, Note_on_c,10,55,0
3,20468, Note_on_c,10,43,80
3,20499, Note_on_c,10,43,0
3,20500, Note_on_c,10,38,80
3,20530, Note_on_c,10,38,0
3,20531, Note_on_c,10,38,80
3,20562, Note_on_c,10,38,0
3,20562, Note_on_c,10,50,80
3,20593, Note_on_c,10,50,0
3,20593, Note_on_c,10,38,80
3,20624, Note_on_c,10,38,0
3,20625, Note_on_c,10,38,80
3,20655, Note_on_c,10,38,0
3,20656, Note_on_c,10,38,80
3,20687, Note_on_c,10,38,0
3,20687, Note_on_c,10,50,80
3,20718, Note_on_c,10,50,0
3,20718, Note_on_c,10,38,80
3,20749, Note_on_c,10,38,0
3,20750, Note_on_c,10,38,80
3,20780, Note_on_c,10,38,0
3,20781, Note_on_c,10,38,80
3,20812, Note_on_c,10,38,0
3,20812, Note_on_c,10,50,80
3,20843, Note_on_c,10,50,0
3,20843, Note_on_c,10,38,80
3,20874, Note_on_c,10,38,0
3,20875, Note_on_c,10,38,80
3,20905, Note_on_c,10,38,0
3,20906, Note_on_c,10,38,80
3,20937, Note_on_c,10,38,0
3,20937, Note_on_c,10,50,80
3,20968, Note_on_c,10,50,0
3,20968, Note_on_c,10,38,80
3,20999, Note_on_c,10,38,0
3,21000, Note_on_c,10,45,80
3,21030, Note_on_c,10,45,0
3,21031, Note_on_c,10,45,80
3,21062, Note_on_c,10,45,0
3,21062, Note_on_c,10,57,80
3,21093, Note_on_c,10,57,0
3,21093, Note_on_c,10,45,80
3,21124, Note_on_c,10,45,0
3,21125, Note_on_c,10,45,80
3,21155, Note_on_c,10,45,0
3,21156, Note_on_c,10,45,80
3,21187, Note_on_c,10,45,0
3,21187, Note_on_c,10,57,80
3,21218, Note_on_c,10,57,0
3,21218, Note_on_c,10,45,80
3,21249, Note_on_c,10,45,0
3,21250, Note_on_c,10,45,80
3,21280, Note_on_c,10,45,0
3,21281, Note_on_c,10,45,80
3,21312, Note_on_c,10,45,0
3,21312, Note_on_c,10,57,80
3,21343, Note_on_c,10,57,0
3,21343, Note_on_c,10,45,80
3,21374, Note_on_c,10,45,0
3,21375, Note_on_c,10,45,80
3,21405, Note_on_c,10,45,0
3,21406, Note_on_c,10,45,80
3,21437, Note_on_c,10,45,0
3,21437, Note_on_c,10,57,80
3,21468, Note_on_c,10,57,0
3,21468, Note_on_c,10,45,80
3,21499, Note_on_c,10,45,0
3,21500, Note_on_c,10,41,80
3,21530, Note_on_c,10,41,0
3,21531, Note_on_c,10,41,80
3,21562, Note_on_c,10,41,0
3,21562, Note_on_c,10,53,80
3,21593, Note_on_c,10,53,0
3,21593, Note_on_c,10,41,80
3,21624, Note_on_c,10,41,0
3,21625, Note_on_c,10,41,80
3,21655, Note_on_c,10,41,0
3,21656, Note_on_c,10,41,80
3,21687, Note_on_c,10,41,0
3,21687, Note_on_c,10,53,80
3,21718, Note_on_c,10,53,0
3,21718, Note_on_c,10,41,80
3,21749, Note_on_c,10,41,0
3,21750, Note_on_c,10,41,80
3,21780, Note_on_c,10,41,0
3,21781, Note_on_c,10,41,80
3,21812, Note_on_c,10,41,0
3,21812, Note_on_c,10,53,80
3,21843, Note_on_c,10,53,0
3,21843, Note_on_c,10,41,80
3,21874, Note_on_c,10,41,0
3,21875, Note_on_c,10,41,80
3,21905, Note_on_c,10,41,0
3,21906, Note_on_c,10,41,80
3,21937, Note_on_c,10,41,0
3,21937, Note_on_c,10,53,80
3,21968, Note_on_c,10,53,0
3,21968, Note_on_c,10,41,80
3,21999, Note_on_c,10,41,0
3,22000, Note_on_c,10,36,80
3,22030, Note_on_c,10,36,0
3,22031, Note_on_c,10,36,80
3,22062, Note_on_c,10,36,0
3,22062, Note_on_c,10,48,80
3,22093, Note_on_c,10,48,0
3,22093, Note_on_c,10,36,80
3,22124, Note_on_c,10,36,0
3,22125, Note_on_c,10,36,80
3,22155, Note_on_c,10,36,0
3,22156, Note_on_c,10,36,80
3,22187, Note_on_c,10,36,0
3,22187, Note_on_c,10,48,80
3,22218, Note_on_c,10,48,0
3,22218, Note_on_c,10,36,80
3,22249, Note_on_c,10,36,0
3,22250, Note_on_c,10,36,80
3,22280, Note_on_c,10,36,0
3,22281, Note_on_c,10,36,80
3,22312, Note_on_c,10,36,0
3,22312, Note_on_c,10,48,80
3,22343, Note_on_c,10,48,0
3,22343, Note_on_c,10,36,80
3,22374, Note_on_c,10,36,0
3,22375, Note_on_c,10,36,80
3,22405, Note_on_c,10,36,0
3,22406, Note_on_c,10,36,80
3,22437, Note_on_c,10,36,0
3,22437, Note_on_c,10,48,80
3,22468, Note_on_c,10,48,0
3,22468, Note_on_c,10,36,80
3,22499, Note_on_c,10,36,0
3,22500, Note_on_c,10,38,80
3,22530, Note_on_c,10,38,0
3,22531, Note_on_c,10,38,80
3,22562, Note_on_c,10,38,0
3,22562, Note_on_c,10,50,80
3,22593, Note_on_c,10,50,0
3,22593, Note_on_c,10,38,80
3,22624, Note_on_c,10,38,0
3,22625, Note_on_c,10,38,80
3,22655, Note_on_c,10,38,0
3,22656, Note_on_c,10,38,80
3,22687, Note_on_c,10,38,0
3,22687, Note_on_c,10,50,80
3,22718, Note_on_c,10,50,0
3,22718, Note_on_c,10,38,80
3,22749, Note_on_c,10,38,0
3,22750, Note_on_c,10,38,80
3,22780, Note_on_c,10,38,0
3,22781, Note_on_c,10,38,80
3,22812, Note_on_c,10,38,0
3,22812, Note_on_c,10,50,80
3,22843, Note_on_c,10,50,0
3,22843, Note_on_c,10,38,80
3,22874, Note_on_c,10,38,0
3,22875, Note_on_c,10,38,80
3,22905, Note_on_c,10,38,0
3,22906, Note_on_c,10,38,80
3,22937, Note_on_c,10,38,0
3,22937, Note_on_c,10,50,80
3,22968, Note_on_c,10,50,0
3,22968, Note_on_c,10,38,80
3,22999, Note_on_c,10,38,0
3,23000, Note_on_c,10,40,80
3,23030, Note_on_c,10,40,0
3,23031, Note_on_c,10,40,80
3,23062, Note_on_c,10,40,0
3,23062, Note_on_c,10,52,80
3,23093, Note_on_c,10,52,0
3,23093, Note_on_c,10,40,80
3,23124, Note_on_c,10,40,0
3,23125, Note_on_c,10,40,80
3,23155, Note_on_c,10,40,0
3,23156, Note_on_c,10,40,80
3,23187, Note_on_c,10,40,0
3,23187, Note_on_c,10,52,80
3,23218, Note_on_c,10,52,0
3,23218, Note_on_c,10,40,80
3,23249, Note_on_c,10,40,0
3,23250, Note_on_c,10,40,80
3,23280, Note_on_c,10,40,0
3,23281, Note_on_c,10,40,80
3,23312, Note_on_c,10,40,0
3,23312, Note_on_c,10,52,80
3,23343, Note_on_c,10,52,0
3,23343, Note_on_c,10,40,80
3,23374, Note_on_c,10,40,0
3,23375, Note_on_c,10,40,80
3,23405, Note_on_c,10,40,0
3,23406, Note_on_c,10,40,80
3,23437, Note_on_c,10,40,0
3,23437, Note_on_c,10,52,80
3,23468, Note_on_c,10,52,0
3,23468, Note_on_c,10,40,80
3,23499, Note_on_c,10,40,0
3,23500, Note_on_c,10,45,80
3,23530, Note_on_c,10,45,0
3,23531, Note_on_c,10,45,80
3,23562, Note_on_c,10,45,0
3,23562, Note_on_c,10,57,80
3,23593, Note_on_c,10,57,0
3,23593, Note_on_c,10,45,80
3,23624, Note_on_c,10,45,0
3,23625, Note_on_c,10,45,80
3,23655, Note_on_c,10,45,0
3,23656, Note_on_c,10,45,80
3,23687, Note_on_c,10,45,0
3,23687, Note_on_c,10,57,80
3,23718, Note_on_c,10,57,0
3,23718, Note_on_c,10,45,80
3,23749, Note_on_c,10,45,0
3,23750, Note_on_c,10,45,80
3,23780, Note_on_c,10,45,0
3,23781, Note_on_c,10,45,80
3,23812, Note_on_c,10,45,0
3,23812, Note_on_c,10,57,80
3,23843, Note_on_c,10,57,0
3,23843, Note_on_c,10,45,80
3,23874, Note_on_c,10,45,0
3,23875, Note_on_c,10,45,80
3,23905, Note_on_c,10,45,0
3,23906, Note_on_c,10,45,80
3,23937, Note_on_c,10,45,0
3,23937, Note_on_c,10,57,80
3,23968, Note_on_c,10,57,0
3,23968, Note_on_c,10,45,80
3,23999, Note_on_c,10,45,0
3,23999, End_track
0,0, End_of_file
