0, 0, Header, 0, 1, 384
1, 0, Start_track
1, 0, Title_t, "Prelude--Nansong Huang          "
1, 0, Text_t, "2008 e-Piano Junior Competition recital round"
1, 0, Text_t, "recorded July 2008"
1, 0, Text_t, "http://www.piano-e-competition.com/"
1, 0, Text_t, "File processed for distribution by software from Zenph Studios, Inc., http://www.zenph.com"
1, 0, Instrument_name_t, "Yamaha Disklavier Pro Mark IV concert grand piano, model DCFIIISM4PRO"
1, 0, Sequencer_specific, 39, 67, 113, 0, 1, 0, 1, 0, 80, 114, 101, 108, 117, 100, 101, 32, 32, 32, 32, 32, 32, 32, 32, 32, 78, 97, 110, 115, 111, 110, 103, 32, 72, 117, 97, 110, 103, 32, 32, 32
1, 0, Sequencer_specific, 6, 67, 113, 0, 0, 0, 69
1, 0, System_exclusive, 21, 67, 113, 126, 21, 0, 2, 2, 0, 3, 14, 1, 4, 1, 13, 13, 10, 11, 9, 2, 7, 247
1, 0, Sequencer_specific, 5, 67, 123, 12, 2, 1
1, 0, Tempo, 512820
1, 0, Time_signature, 4, 2, 24, 8
1, 0, System_exclusive, 5, 126, 127, 9, 1, 247
1, 1, System_exclusive, 8, 67, 16, 76, 0, 0, 126, 0, 247
1, 2, System_exclusive, 8, 67, 16, 76, 8, 9, 7, 1, 247
1, 3, Control_c, 0, 0, 0
1, 3, Control_c, 1, 0, 0
1, 3, Control_c, 2, 0, 0
1, 3, Control_c, 3, 0, 0
1, 3, Control_c, 4, 0, 0
1, 3, Control_c, 5, 0, 0
1, 3, Control_c, 6, 0, 0
1, 3, Control_c, 7, 0, 0
1, 3, Control_c, 8, 0, 0
1, 3, Control_c, 9, 0, 127
1, 3, Control_c, 10, 0, 0
1, 3, Control_c, 11, 0, 0
1, 3, Control_c, 12, 0, 0
1, 3, Control_c, 13, 0, 0
1, 3, Control_c, 14, 0, 0
1, 3, Control_c, 15, 0, 0
1, 4, Control_c, 0, 32, 0
1, 4, Control_c, 1, 32, 0
1, 4, Control_c, 2, 32, 0
1, 4, Control_c, 3, 32, 0
1, 4, Control_c, 4, 32, 0
1, 4, Control_c, 5, 32, 0
1, 4, Control_c, 6, 32, 0
1, 4, Control_c, 7, 32, 0
1, 4, Control_c, 8, 32, 0
1, 4, Control_c, 9, 32, 0
1, 4, Control_c, 10, 32, 0
1, 4, Control_c, 11, 32, 0
1, 4, Control_c, 12, 32, 0
1, 4, Control_c, 13, 32, 0
1, 4, Control_c, 14, 32, 0
1, 4, Control_c, 15, 32, 0
1, 5, Program_c, 0, 0
1, 5, Program_c, 1, 0
1, 5, Program_c, 2, 0
1, 5, Program_c, 3, 0
1, 5, Program_c, 4, 0
1, 5, Program_c, 5, 0
1, 5, Program_c, 6, 0
1, 5, Program_c, 7, 0
1, 5, Program_c, 8, 0
1, 5, Program_c, 9, 0
1, 5, Program_c, 10, 0
1, 5, Program_c, 11, 0
1, 5, Program_c, 12, 0
1, 5, Program_c, 13, 0
1, 5, Program_c, 14, 0
1, 5, Program_c, 15, 0
1, 6, Control_c, 0, 7, 100
1, 6, Control_c, 1, 7, 100
1, 6, Control_c, 2, 7, 100
1, 6, Control_c, 3, 7, 100
1, 6, Control_c, 4, 7, 100
1, 6, Control_c, 5, 7, 100
1, 6, Control_c, 6, 7, 100
1, 6, Control_c, 7, 7, 100
1, 6, Control_c, 8, 7, 100
1, 6, Control_c, 9, 7, 100
1, 6, Control_c, 10, 7, 100
1, 6, Control_c, 11, 7, 100
1, 6, Control_c, 12, 7, 100
1, 6, Control_c, 13, 7, 100
1, 6, Control_c, 14, 7, 100
1, 6, Control_c, 15, 7, 100
1, 117, Control_c, 0, 64, 12
1, 229, Control_c, 0, 64, 24
1, 341, Control_c, 0, 64, 36
1, 452, Control_c, 0, 64, 49
1, 564, Control_c, 0, 64, 60
1, 676, Control_c, 0, 64, 73
1, 787, Control_c, 0, 64, 84
1, 899, Control_c, 0, 64, 99
1, 1128, Note_on_c, 0, 48, 97
1, 1128, Note_on_c, 0, 60, 96
1, 1197, Note_off_c, 0, 60, 63
1, 1209, Note_off_c, 0, 48, 62
1, 1224, Note_on_c, 0, 36, 94
1, 1225, Note_on_c, 0, 24, 96
1, 1269, Note_off_c, 0, 24, 63
1, 1278, Note_off_c, 0, 36, 64
1, 1326, Control_c, 0, 64, 100
1, 1341, Control_c, 0, 64, 101
1, 1355, Control_c, 0, 64, 103
1, 1370, Control_c, 0, 64, 107
1, 1385, Control_c, 0, 64, 113
1, 1400, Control_c, 0, 64, 127
1, 1415, Control_c, 0, 64, 127
1, 1613, Note_on_c, 0, 60, 72
1, 1680, Note_on_c, 0, 67, 79
1, 1692, Note_off_c, 0, 60, 54
1, 1748, Note_on_c, 0, 70, 81
1, 1844, Note_on_c, 0, 84, 101
1, 1851, Note_on_c, 0, 76, 102
1, 1882, Control_c, 0, 64, 112
1, 1897, Control_c, 0, 64, 89
1, 1912, Control_c, 0, 64, 75
1, 1927, Control_c, 0, 64, 69
1, 1942, Control_c, 0, 64, 72
1, 1956, Control_c, 0, 64, 80
1, 1971, Control_c, 0, 64, 93
1, 1986, Control_c, 0, 64, 105
1, 2001, Control_c, 0, 64, 110
1, 2016, Control_c, 0, 64, 112
1, 2030, Control_c, 0, 64, 112
1, 2073, Note_on_c, 0, 96, 87
1, 2074, Note_on_c, 0, 88, 82
1, 2089, Control_c, 0, 64, 113
1, 2092, Note_off_c, 0, 67, 60
1, 2133, Note_off_c, 0, 70, 57
1, 2152, Note_off_c, 0, 76, 60
1, 2201, Note_on_c, 0, 94, 86
1, 2230, Note_off_c, 0, 96, 52
1, 2235, Note_off_c, 0, 88, 61
1, 2264, Note_off_c, 0, 84, 54
1, 2299, Note_on_c, 0, 91, 91
1, 2312, Control_c, 0, 64, 113
1, 2327, Control_c, 0, 64, 114
1, 2332, Note_off_c, 0, 94, 64
1, 2342, Control_c, 0, 64, 114
1, 2357, Control_c, 0, 64, 115
1, 2372, Control_c, 0, 64, 116
1, 2387, Note_on_c, 0, 88, 83
1, 2387, Control_c, 0, 64, 117
1, 2401, Control_c, 0, 64, 119
1, 2416, Control_c, 0, 64, 126
1, 2429, Note_off_c, 0, 91, 59
1, 2438, Control_c, 0, 64, 127
1, 2449, Note_on_c, 0, 84, 82
1, 2461, Note_off_c, 0, 88, 64
1, 2485, Note_off_c, 0, 84, 65
1, 2512, Note_on_c, 0, 82, 80
1, 2566, Note_off_c, 0, 82, 62
1, 2578, Note_on_c, 0, 79, 76
1, 2616, Note_on_c, 0, 76, 71
1, 2641, Note_off_c, 0, 79, 58
1, 2678, Note_on_c, 0, 72, 68
1, 2679, Note_off_c, 0, 76, 64
1, 2725, Note_off_c, 0, 72, 67
1, 2733, Note_on_c, 0, 70, 78
1, 2803, Note_on_c, 0, 67, 82
1, 2831, Note_off_c, 0, 70, 62
1, 2864, Note_on_c, 0, 64, 75
1, 2901, Note_off_c, 0, 67, 61
1, 2923, Note_on_c, 0, 60, 81
1, 2941, Note_off_c, 0, 64, 64
1, 2965, Note_off_c, 0, 60, 62
1, 2989, Note_on_c, 0, 58, 80
1, 3046, Note_off_c, 0, 58, 64
1, 3058, Note_on_c, 0, 55, 73
1, 3118, Note_off_c, 0, 55, 64
1, 3123, Note_on_c, 0, 52, 77
1, 3189, Note_off_c, 0, 52, 64
1, 3195, Note_on_c, 0, 48, 76
1, 3202, Control_c, 0, 64, 122
1, 3217, Control_c, 0, 64, 115
1, 3231, Control_c, 0, 64, 109
1, 3246, Control_c, 0, 64, 102
1, 3260, Note_off_c, 0, 48, 66
1, 3261, Control_c, 0, 64, 94
1, 3276, Control_c, 0, 64, 84
1, 3284, Note_on_c, 0, 46, 77
1, 3291, Control_c, 0, 64, 74
1, 3305, Control_c, 0, 64, 64
1, 3320, Control_c, 0, 64, 0
1, 3345, Note_off_c, 0, 46, 61
1, 3360, Note_on_c, 0, 43, 65
1, 3424, Note_off_c, 0, 43, 49
1, 3441, Note_on_c, 0, 50, 62
1, 3498, Note_off_c, 0, 50, 56
1, 3502, Note_on_c, 0, 40, 73
1, 3516, Note_on_c, 0, 48, 59
1, 3539, Note_off_c, 0, 40, 66
1, 3581, Note_off_c, 0, 48, 65
1, 3585, Note_on_c, 0, 46, 64
1, 3586, Poly_aftertouch_c, 0, 44, 0
1, 3628, Note_off_c, 0, 46, 65
1, 3655, Note_on_c, 0, 45, 47
1, 3660, Note_on_c, 0, 41, 72
1, 3690, Note_off_c, 0, 45, 56
1, 3690, Note_off_c, 0, 41, 66
1, 3722, Note_on_c, 0, 52, 64
1, 3775, Note_off_c, 0, 52, 64
1, 3790, Note_on_c, 0, 42, 72
1, 3797, Note_on_c, 0, 50, 55
1, 3808, Note_on_c, 0, 46, 50
1, 3827, Note_off_c, 0, 42, 65
1, 3843, Note_off_c, 0, 46, 63
1, 3849, Note_on_c, 0, 48, 65
1, 3850, Note_off_c, 0, 50, 62
1, 3895, Note_off_c, 0, 48, 65
1, 3924, Note_on_c, 0, 47, 65
1, 3938, Note_on_c, 0, 43, 84
1, 3964, Note_off_c, 0, 47, 62
1, 3976, Note_off_c, 0, 43, 65
1, 4002, Note_on_c, 0, 53, 72
1, 4070, Note_off_c, 0, 53, 66
1, 4077, Note_on_c, 0, 52, 69
1, 4080, Note_on_c, 0, 44, 87
1, 4080, Note_on_c, 0, 47, 46
1, 4111, Note_off_c, 0, 47, 55
1, 4128, Note_off_c, 0, 44, 62
1, 4148, Note_on_c, 0, 50, 73
1, 4154, Note_off_c, 0, 52, 66
1, 4178, Note_off_c, 0, 50, 64
1, 4219, Note_on_c, 0, 48, 73
1, 4228, Note_on_c, 0, 45, 98
1, 4260, Note_off_c, 0, 48, 67
1, 4311, Note_on_c, 0, 55, 76
1, 4394, Note_off_c, 0, 55, 62
1, 4397, Note_on_c, 0, 53, 69
1, 4418, Note_on_c, 0, 49, 59
1, 4458, Note_off_c, 0, 49, 62
1, 4485, Note_off_c, 0, 45, 63
1, 4487, Note_on_c, 0, 52, 79
1, 4495, Note_off_c, 0, 53, 62
1, 4535, Note_off_c, 0, 52, 66
1, 4581, Note_on_c, 0, 50, 81
1, 4587, Note_on_c, 0, 46, 102
1, 4637, Note_off_c, 0, 50, 64
1, 4641, Note_off_c, 0, 46, 64
1, 4694, Note_on_c, 0, 57, 78
1, 4763, Note_off_c, 0, 57, 57
1, 4802, Note_on_c, 0, 47, 108
1, 4803, Note_on_c, 0, 51, 72
1, 4805, Note_on_c, 0, 55, 70
1, 4836, Note_off_c, 0, 55, 65
1, 4843, Note_off_c, 0, 51, 63
1, 4844, Note_off_c, 0, 47, 67
1, 4890, Note_on_c, 0, 53, 77
1, 4938, Note_off_c, 0, 53, 66
1, 5020, Note_on_c, 0, 48, 107
1, 5022, Note_on_c, 0, 52, 110
1, 5040, Control_c, 0, 64, 59
1, 5046, Note_off_c, 0, 52, 68
1, 5050, Note_off_c, 0, 48, 71
1, 5055, Control_c, 0, 64, 76
1, 5070, Control_c, 0, 64, 91
1, 5085, Control_c, 0, 64, 105
1, 5099, Control_c, 0, 64, 107
1, 5248, Control_c, 0, 64, 106
1, 5263, Control_c, 0, 64, 101
1, 5278, Control_c, 0, 64, 91
1, 5293, Control_c, 0, 64, 76
1, 5308, Control_c, 0, 64, 61
1, 5323, Control_c, 0, 64, 0
1, 5641, Note_on_c, 0, 60, 97
1, 5643, Note_on_c, 0, 48, 98
1, 5656, Control_c, 0, 64, 61
1, 5671, Control_c, 0, 64, 69
1, 5672, Note_off_c, 0, 48, 70
1, 5675, Note_off_c, 0, 60, 62
1, 5686, Control_c, 0, 64, 74
1, 5700, Control_c, 0, 64, 77
1, 5715, Control_c, 0, 64, 79
1, 5716, Note_on_c, 0, 36, 102
1, 5717, Note_on_c, 0, 24, 97
1, 5730, Control_c, 0, 64, 80
1, 5745, Control_c, 0, 64, 82
1, 5752, Note_off_c, 0, 24, 66
1, 5754, Note_off_c, 0, 36, 65
1, 5760, Control_c, 0, 64, 83
1, 5774, Control_c, 0, 64, 83
1, 5790, Control_c, 0, 64, 84
1, 5805, Control_c, 0, 64, 86
1, 5820, Control_c, 0, 64, 88
1, 5835, Control_c, 0, 64, 90
1, 5849, Control_c, 0, 64, 90
1, 5909, Control_c, 0, 64, 91
1, 5923, Control_c, 0, 64, 92
1, 5938, Control_c, 0, 64, 94
1, 5953, Control_c, 0, 64, 96
1, 5968, Control_c, 0, 64, 99
1, 5983, Control_c, 0, 64, 100
1, 5997, Control_c, 0, 64, 101
1, 6012, Control_c, 0, 64, 102
1, 6027, Control_c, 0, 64, 102
1, 6041, Control_c, 0, 64, 103
1, 6071, Control_c, 0, 64, 103
1, 6083, Note_on_c, 0, 60, 71
1, 6086, Control_c, 0, 64, 104
1, 6101, Control_c, 0, 64, 105
1, 6116, Control_c, 0, 64, 107
1, 6131, Control_c, 0, 64, 108
1, 6146, Control_c, 0, 64, 109
1, 6154, Note_on_c, 0, 67, 66
1, 6158, Note_off_c, 0, 60, 56
1, 6197, Control_c, 0, 64, 108
1, 6212, Control_c, 0, 64, 96
1, 6215, Note_on_c, 0, 70, 79
1, 6227, Control_c, 0, 64, 75
1, 6242, Control_c, 0, 64, 0
1, 6262, Note_on_c, 0, 76, 102
1, 6268, Note_on_c, 0, 84, 100
1, 6286, Control_c, 0, 64, 37
1, 6301, Control_c, 0, 64, 70
1, 6316, Control_c, 0, 64, 80
1, 6320, Note_off_c, 0, 67, 61
1, 6331, Control_c, 0, 64, 89
1, 6335, Note_off_c, 0, 70, 63
1, 6343, Note_off_c, 0, 84, 64
1, 6344, Note_on_c, 0, 88, 85
1, 6345, Control_c, 0, 64, 92
1, 6347, Note_off_c, 0, 76, 69
1, 6358, Note_on_c, 0, 96, 81
1, 6360, Control_c, 0, 64, 93
1, 6375, Control_c, 0, 64, 93
1, 6405, Control_c, 0, 64, 94
1, 6420, Control_c, 0, 64, 95
1, 6429, Note_on_c, 0, 94, 86
1, 6432, Note_off_c, 0, 88, 63
1, 6435, Control_c, 0, 64, 96
1, 6449, Control_c, 0, 64, 96
1, 6479, Note_off_c, 0, 96, 63
1, 6479, Control_c, 0, 64, 97
1, 6486, Note_on_c, 0, 91, 90
1, 6509, Control_c, 0, 64, 97
1, 6525, Note_off_c, 0, 94, 67
1, 6538, Control_c, 0, 64, 98
1, 6541, Note_on_c, 0, 88, 81
1, 6565, Note_off_c, 0, 91, 61
1, 6580, Note_on_c, 0, 84, 84
1, 6591, Note_off_c, 0, 88, 63
1, 6609, Note_off_c, 0, 84, 66
1, 6641, Note_on_c, 0, 82, 82
1, 6658, Control_c, 0, 64, 98
1, 6685, Note_off_c, 0, 82, 63
1, 6687, Control_c, 0, 64, 99
1, 6694, Note_on_c, 0, 72, 37
1, 6702, Control_c, 0, 64, 100
1, 6715, Note_on_c, 0, 79, 69
1, 6717, Control_c, 0, 64, 102
1, 6720, Note_off_c, 0, 72, 55
1, 6732, Control_c, 0, 64, 105
1, 6746, Control_c, 0, 64, 109
1, 6748, Note_on_c, 0, 76, 69
1, 6761, Control_c, 0, 64, 111
1, 6766, Note_off_c, 0, 79, 54
1, 6776, Control_c, 0, 64, 114
1, 6790, Control_c, 0, 64, 117
1, 6798, Note_on_c, 0, 72, 74
1, 6803, Note_off_c, 0, 76, 64
1, 6805, Control_c, 0, 64, 119
1, 6820, Control_c, 0, 64, 121
1, 6835, Control_c, 0, 64, 121
1, 6842, Note_on_c, 0, 70, 65
1, 6843, Note_off_c, 0, 72, 67
1, 6850, Control_c, 0, 64, 122
1, 6864, Control_c, 0, 64, 122
1, 6890, Note_on_c, 0, 67, 83
1, 6921, Note_off_c, 0, 70, 62
1, 6964, Note_on_c, 0, 64, 85
1, 6990, Note_off_c, 0, 67, 61
1, 7028, Note_on_c, 0, 60, 76
1, 7033, Note_off_c, 0, 64, 65
1, 7055, Note_off_c, 0, 60, 65
1, 7091, Note_on_c, 0, 58, 80
1, 7109, Control_c, 0, 64, 121
1, 7124, Control_c, 0, 64, 118
1, 7139, Control_c, 0, 64, 114
1, 7140, Note_off_c, 0, 58, 64
1, 7143, Note_on_c, 0, 55, 55
1, 7153, Control_c, 0, 64, 110
1, 7168, Control_c, 0, 64, 106
1, 7183, Control_c, 0, 64, 102
1, 7198, Control_c, 0, 64, 97
1, 7207, Note_on_c, 0, 52, 75
1, 7209, Note_off_c, 0, 55, 65
1, 7213, Control_c, 0, 64, 92
1, 7228, Control_c, 0, 64, 86
1, 7243, Control_c, 0, 64, 80
1, 7258, Control_c, 0, 64, 73
1, 7270, Note_on_c, 0, 48, 69
1, 7270, Note_off_c, 0, 52, 64
1, 7272, Control_c, 0, 64, 65
1, 7287, Control_c, 0, 64, 51
1, 7302, Control_c, 0, 64, 0
1, 7315, Note_off_c, 0, 48, 68
1, 7386, Note_on_c, 0, 45, 13
1, 7419, Note_on_c, 0, 43, 62
1, 7436, Note_off_c, 0, 45, 28
1, 7457, Note_off_c, 0, 43, 56
1, 7486, Note_on_c, 0, 50, 62
1, 7543, Note_off_c, 0, 50, 58
1, 7546, Note_on_c, 0, 40, 65
1, 7564, Note_on_c, 0, 48, 51
1, 7583, Note_off_c, 0, 40, 65
1, 7596, Note_on_c, 0, 44, 12
1, 7612, Note_off_c, 0, 48, 66
1, 7624, Note_on_c, 0, 46, 64
1, 7642, Note_off_c, 0, 44, 38
1, 7674, Note_off_c, 0, 46, 65
1, 7697, Note_on_c, 0, 41, 74
1, 7702, Note_on_c, 0, 45, 57
1, 7736, Note_off_c, 0, 45, 62
1, 7738, Note_off_c, 0, 41, 64
1, 7775, Note_on_c, 0, 52, 62
1, 7825, Note_off_c, 0, 52, 64
1, 7839, Note_on_c, 0, 42, 68
1, 7852, Note_on_c, 0, 50, 47
1, 7857, Note_on_c, 0, 46, 43
1, 7881, Note_off_c, 0, 42, 64
1, 7884, Note_off_c, 0, 46, 53
1, 7893, Note_on_c, 0, 48, 67
1, 7895, Note_off_c, 0, 50, 64
1, 7939, Note_off_c, 0, 48, 66
1, 7970, Note_on_c, 0, 47, 56
1, 7981, Note_on_c, 0, 43, 76
1, 8003, Note_off_c, 0, 47, 62
1, 8020, Note_off_c, 0, 43, 61
1, 8039, Note_on_c, 0, 53, 67
1, 8099, Note_on_c, 0, 47, 54
1, 8101, Note_off_c, 0, 53, 63
1, 8108, Note_on_c, 0, 44, 67
1, 8120, Note_on_c, 0, 52, 59
1, 8127, Note_off_c, 0, 47, 60
1, 8150, Note_off_c, 0, 44, 66
1, 8173, Note_off_c, 0, 52, 64
1, 8179, Note_on_c, 0, 50, 66
1, 8214, Note_off_c, 0, 50, 62
1, 8248, Note_on_c, 0, 45, 78
1, 8250, Note_on_c, 0, 48, 59
1, 8283, Note_off_c, 0, 48, 65
1, 8326, Note_on_c, 0, 55, 60
1, 8387, Note_off_c, 0, 55, 62
1, 8393, Note_on_c, 0, 53, 55
1, 8442, Note_on_c, 0, 49, 21
1, 8469, Note_off_c, 0, 53, 65
1, 8473, Note_on_c, 0, 52, 67
1, 8480, Note_off_c, 0, 49, 44
1, 8505, Note_off_c, 0, 52, 66
1, 8512, Note_off_c, 0, 45, 62
1, 8543, Note_on_c, 0, 50, 51
1, 8565, Note_on_c, 0, 46, 80
1, 8569, Note_off_c, 0, 50, 61
1, 8611, Note_off_c, 0, 46, 58
1, 8617, Note_on_c, 0, 57, 63
1, 8680, Note_off_c, 0, 57, 60
1, 8690, Note_on_c, 0, 55, 55
1, 8697, Note_on_c, 0, 47, 74
1, 8743, Note_off_c, 0, 55, 64
1, 8748, Note_off_c, 0, 47, 63
1, 8751, Note_on_c, 0, 53, 66
1, 8781, Note_off_c, 0, 53, 66
1, 8821, Note_on_c, 0, 52, 61
1, 8823, Note_on_c, 0, 48, 81
1, 8856, Note_off_c, 0, 52, 65
1, 8870, Note_off_c, 0, 48, 64
1, 8891, Note_on_c, 0, 58, 63
1, 8926, Note_off_c, 0, 58, 66
1, 8948, Note_on_c, 0, 49, 77
1, 8954, Note_on_c, 0, 57, 64
1, 8985, Note_off_c, 0, 49, 65
1, 9007, Note_off_c, 0, 57, 58
1, 9010, Note_on_c, 0, 55, 70
1, 9044, Note_off_c, 0, 55, 62
1, 9077, Note_on_c, 0, 50, 81
1, 9078, Note_on_c, 0, 53, 66
1, 9114, Note_off_c, 0, 53, 64
1, 9118, Note_off_c, 0, 50, 64
1, 9150, Note_on_c, 0, 60, 71
1, 9213, Note_on_c, 0, 51, 72
1, 9217, Note_off_c, 0, 60, 60
1, 9219, Note_on_c, 0, 59, 55
1, 9234, Note_on_c, 0, 54, 35
1, 9251, Note_off_c, 0, 51, 62
1, 9264, Note_off_c, 0, 54, 44
1, 9274, Note_on_c, 0, 57, 69
1, 9279, Note_off_c, 0, 59, 62
1, 9317, Note_off_c, 0, 57, 61
1, 9338, Note_on_c, 0, 52, 89
1, 9350, Note_on_c, 0, 55, 51
1, 9389, Note_off_c, 0, 55, 61
1, 9416, Note_on_c, 0, 62, 65
1, 9487, Note_off_c, 0, 62, 59
1, 9490, Note_on_c, 0, 60, 54
1, 9553, Note_off_c, 0, 60, 62
1, 9556, Note_on_c, 0, 58, 65
1, 9576, Poly_aftertouch_c, 0, 56, 0
1, 9596, Note_off_c, 0, 58, 63
1, 9605, Note_off_c, 0, 52, 40
1, 9615, Note_on_c, 0, 53, 77
1, 9619, Note_on_c, 0, 57, 57
1, 9654, Note_off_c, 0, 57, 59
1, 9657, Note_off_c, 0, 53, 67
1, 9680, Note_on_c, 0, 64, 66
1, 9740, Note_off_c, 0, 64, 62
1, 9743, Note_on_c, 0, 54, 74
1, 9749, Note_on_c, 0, 62, 65
1, 9758, Note_on_c, 0, 58, 42
1, 9782, Note_off_c, 0, 58, 53
1, 9788, Note_off_c, 0, 54, 59
1, 9808, Note_on_c, 0, 60, 69
1, 9812, Note_off_c, 0, 62, 61
1, 9844, Note_off_c, 0, 60, 60
1, 9869, Note_on_c, 0, 55, 86
1, 9878, Note_on_c, 0, 59, 66
1, 9905, Note_off_c, 0, 59, 65
1, 9923, Note_off_c, 0, 55, 63
1, 9955, Note_on_c, 0, 65, 70
1, 9994, Note_off_c, 0, 65, 67
1, 9997, Note_on_c, 0, 56, 84
1, 10002, Note_on_c, 0, 64, 68
1, 10044, Note_off_c, 0, 56, 63
1, 10057, Note_on_c, 0, 62, 75
1, 10062, Note_off_c, 0, 64, 62
1, 10096, Note_off_c, 0, 62, 63
1, 10123, Note_on_c, 0, 57, 98
1, 10131, Note_on_c, 0, 60, 70
1, 10161, Note_off_c, 0, 60, 63
1, 10205, Note_on_c, 0, 67, 70
1, 10266, Note_off_c, 0, 67, 60
1, 10273, Note_on_c, 0, 65, 65
1, 10289, Note_on_c, 0, 61, 45
1, 10313, Note_off_c, 0, 61, 53
1, 10337, Note_on_c, 0, 64, 70
1, 10338, Note_off_c, 0, 65, 65
1, 10367, Note_off_c, 0, 64, 65
1, 10389, Note_off_c, 0, 57, 42
1, 10401, Note_on_c, 0, 58, 79
1, 10402, Note_on_c, 0, 62, 49
1, 10432, Note_off_c, 0, 62, 54
1, 10445, Note_off_c, 0, 58, 57
1, 10459, Note_on_c, 0, 69, 72
1, 10518, Note_off_c, 0, 69, 63
1, 10523, Note_on_c, 0, 59, 69
1, 10531, Note_on_c, 0, 67, 65
1, 10546, Note_on_c, 0, 63, 40
1, 10560, Note_off_c, 0, 59, 60
1, 10574, Note_off_c, 0, 63, 53
1, 10581, Note_off_c, 0, 67, 63
1, 10592, Note_on_c, 0, 65, 59
1, 10612, Note_off_c, 0, 65, 65
1, 10645, Note_on_c, 0, 64, 61
1, 10653, Note_on_c, 0, 60, 74
1, 10683, Note_off_c, 0, 64, 65
1, 10686, Note_off_c, 0, 60, 66
1, 10732, Note_on_c, 0, 77, 74
1, 10778, Note_off_c, 0, 77, 62
1, 10790, Note_on_c, 0, 56, 61
1, 10790, Note_on_c, 0, 64, 58
1, 10800, Note_on_c, 0, 76, 67
1, 10829, Note_off_c, 0, 64, 62
1, 10830, Note_off_c, 0, 56, 59
1, 10856, Note_off_c, 0, 76, 66
1, 10857, Note_on_c, 0, 74, 73
1, 10880, Note_off_c, 0, 74, 68
1, 10909, Note_on_c, 0, 64, 73
1, 10913, Note_on_c, 0, 72, 75
1, 10915, Note_on_c, 0, 57, 63
1, 10942, Note_off_c, 0, 57, 64
1, 10944, Note_off_c, 0, 72, 64
1, 10946, Note_off_c, 0, 64, 65
1, 10991, Note_on_c, 0, 81, 78
1, 11032, Note_off_c, 0, 81, 65
1, 11040, Note_on_c, 0, 59, 69
1, 11044, Note_on_c, 0, 67, 66
1, 11046, Note_on_c, 0, 74, 46
1, 11052, Note_on_c, 0, 79, 70
1, 11068, Note_off_c, 0, 74, 59
1, 11076, Note_off_c, 0, 59, 55
1, 11079, Note_off_c, 0, 67, 59
1, 11107, Note_on_c, 0, 77, 80
1, 11116, Note_off_c, 0, 79, 62
1, 11130, Note_off_c, 0, 77, 65
1, 11164, Note_on_c, 0, 76, 76
1, 11175, Note_on_c, 0, 67, 71
1, 11178, Note_on_c, 0, 60, 70
1, 11196, Note_off_c, 0, 76, 63
1, 11200, Note_off_c, 0, 67, 68
1, 11208, Note_off_c, 0, 60, 63
1, 11240, Note_on_c, 0, 89, 81
1, 11294, Note_off_c, 0, 89, 67
1, 11306, Note_on_c, 0, 56, 69
1, 11306, Note_on_c, 0, 83, 50
1, 11308, Note_on_c, 0, 88, 70
1, 11312, Note_on_c, 0, 64, 57
1, 11330, Note_off_c, 0, 83, 53
1, 11347, Note_off_c, 0, 64, 64
1, 11359, Note_off_c, 0, 56, 46
1, 11363, Note_on_c, 0, 86, 75
1, 11374, Note_off_c, 0, 88, 63
1, 11391, Note_off_c, 0, 86, 66
1, 11430, Note_on_c, 0, 84, 82
1, 11434, Note_on_c, 0, 64, 73
1, 11438, Note_on_c, 0, 57, 63
1, 11465, Note_off_c, 0, 84, 66
1, 11466, Note_off_c, 0, 57, 65
1, 11469, Note_off_c, 0, 64, 65
1, 11502, Note_on_c, 0, 93, 87
1, 11550, Note_off_c, 0, 93, 64
1, 11562, Note_on_c, 0, 91, 75
1, 11565, Note_on_c, 0, 67, 63
1, 11567, Note_on_c, 0, 86, 56
1, 11568, Note_on_c, 0, 59, 53
1, 11587, Note_off_c, 0, 86, 60
1, 11601, Note_off_c, 0, 59, 56
1, 11601, Note_off_c, 0, 67, 59
1, 11626, Note_on_c, 0, 89, 78
1, 11638, Note_off_c, 0, 91, 61
1, 11646, Note_off_c, 0, 89, 72
1, 11684, Note_on_c, 0, 88, 80
1, 11686, Note_on_c, 0, 67, 72
1, 11690, Note_on_c, 0, 60, 68
1, 11710, Note_off_c, 0, 67, 68
1, 11713, Note_off_c, 0, 88, 61
1, 11718, Note_off_c, 0, 60, 65
1, 11753, Note_on_c, 0, 101, 89
1, 11810, Note_off_c, 0, 101, 68
1, 11821, Note_on_c, 0, 95, 56
1, 11821, Note_on_c, 0, 100, 79
1, 11842, Note_off_c, 0, 95, 56
1, 11873, Note_on_c, 0, 98, 83
1, 11883, Note_off_c, 0, 100, 65
1, 11912, Note_off_c, 0, 98, 63
1, 11935, Note_on_c, 0, 57, 65
1, 11938, Note_on_c, 0, 96, 84
1, 11938, Note_on_c, 0, 64, 66
1, 11967, Note_off_c, 0, 57, 63
1, 11971, Note_off_c, 0, 64, 66
1, 11972, Note_off_c, 0, 96, 63
1, 11999, Note_on_c, 0, 105, 88
1, 12056, Note_off_c, 0, 105, 66
1, 12059, Note_on_c, 0, 103, 85
1, 12065, Note_on_c, 0, 98, 73
1, 12066, Note_on_c, 0, 59, 66
1, 12072, Note_on_c, 0, 67, 71
1, 12090, Note_off_c, 0, 98, 68
1, 12112, Note_off_c, 0, 67, 58
1, 12122, Note_off_c, 0, 59, 58
1, 12134, Note_on_c, 0, 101, 90
1, 12152, Note_off_c, 0, 103, 63
1, 12172, Control_c, 0, 64, 57
1, 12188, Control_c, 0, 64, 68
1, 12201, Note_on_c, 0, 60, 75
1, 12203, Control_c, 0, 64, 74
1, 12206, Note_on_c, 0, 67, 72
1, 12209, Note_on_c, 0, 100, 91
1, 12217, Note_off_c, 0, 101, 66
1, 12217, Control_c, 0, 64, 81
1, 12228, Note_off_c, 0, 67, 66
1, 12232, Control_c, 0, 64, 88
1, 12240, Note_off_c, 0, 60, 62
1, 12247, Control_c, 0, 64, 93
1, 12257, Note_off_c, 0, 100, 64
1, 12262, Control_c, 0, 64, 98
1, 12276, Note_on_c, 0, 105, 95
1, 12277, Control_c, 0, 64, 102
1, 12291, Control_c, 0, 64, 103
1, 12321, Control_c, 0, 64, 100
1, 12336, Control_c, 0, 64, 91
1, 12340, Note_off_c, 0, 105, 65
1, 12342, Note_on_c, 0, 59, 83
1, 12344, Note_on_c, 0, 98, 88
1, 12346, Note_on_c, 0, 91, 86
1, 12346, Note_on_c, 0, 103, 89
1, 12347, Note_on_c, 0, 47, 75
1, 12349, Note_on_c, 0, 55, 70
1, 12351, Control_c, 0, 64, 78
1, 12365, Control_c, 0, 64, 65
1, 12375, Note_off_c, 0, 98, 62
1, 12376, Note_off_c, 0, 47, 53
1, 12376, Note_off_c, 0, 91, 59
1, 12380, Control_c, 0, 64, 64
1, 12382, Note_off_c, 0, 55, 59
1, 12395, Control_c, 0, 64, 70
1, 12397, Note_off_c, 0, 59, 60
1, 12409, Control_c, 0, 64, 78
1, 12424, Control_c, 0, 64, 89
1, 12427, Note_on_c, 0, 101, 90
1, 12439, Control_c, 0, 64, 95
1, 12453, Note_off_c, 0, 103, 64
1, 12454, Control_c, 0, 64, 97
1, 12469, Control_c, 0, 64, 98
1, 12483, Control_c, 0, 64, 99
1, 12485, Note_on_c, 0, 60, 77
1, 12492, Poly_aftertouch_c, 0, 55, 0
1, 12496, Note_on_c, 0, 48, 73
1, 12498, Control_c, 0, 64, 101
1, 12500, Note_on_c, 0, 100, 92
1, 12507, Note_off_c, 0, 60, 69
1, 12513, Control_c, 0, 64, 107
1, 12516, Note_off_c, 0, 101, 66
1, 12528, Control_c, 0, 64, 114
1, 12534, Note_off_c, 0, 48, 66
1, 12543, Control_c, 0, 64, 121
1, 12553, Note_off_c, 0, 100, 66
1, 12558, Control_c, 0, 64, 123
1, 12576, Note_on_c, 0, 105, 93
1, 12588, Control_c, 0, 64, 115
1, 12602, Control_c, 0, 64, 96
1, 12617, Control_c, 0, 64, 74
1, 12632, Control_c, 0, 64, 0
1, 12648, Note_on_c, 0, 47, 89
1, 12650, Note_on_c, 0, 103, 98
1, 12650, Note_off_c, 0, 105, 64
1, 12653, Note_on_c, 0, 35, 82
1, 12654, Note_on_c, 0, 43, 74
1, 12656, Note_on_c, 0, 91, 89
1, 12656, Note_on_c, 0, 98, 91
1, 12691, Control_c, 0, 64, 64
1, 12692, Note_off_c, 0, 98, 64
1, 12693, Note_off_c, 0, 35, 62
1, 12700, Note_off_c, 0, 91, 59
1, 12706, Control_c, 0, 64, 72
1, 12721, Control_c, 0, 64, 77
1, 12734, Note_off_c, 0, 47, 62
1, 12736, Control_c, 0, 64, 79
1, 12738, Note_on_c, 0, 101, 90
1, 12751, Control_c, 0, 64, 80
1, 12765, Control_c, 0, 64, 82
1, 12766, Note_off_c, 0, 103, 63
1, 12780, Control_c, 0, 64, 84
1, 12790, Note_off_c, 0, 43, 35
1, 12795, Control_c, 0, 64, 86
1, 12809, Control_c, 0, 64, 88
1, 12823, Note_on_c, 0, 100, 92
1, 12824, Control_c, 0, 64, 89
1, 12825, Note_on_c, 0, 43, 57
1, 12825, Note_on_c, 0, 48, 82
1, 12827, Note_on_c, 0, 91, 86
1, 12829, Note_on_c, 0, 36, 75
1, 12839, Control_c, 0, 64, 90
1, 12847, Note_off_c, 0, 101, 66
1, 12854, Control_c, 0, 64, 91
1, 12869, Control_c, 0, 64, 93
1, 12874, Note_off_c, 0, 48, 63
1, 12874, Note_off_c, 0, 91, 61
1, 12876, Note_off_c, 0, 100, 65
1, 12878, Note_off_c, 0, 36, 57
1, 12883, Control_c, 0, 64, 94
1, 12898, Control_c, 0, 64, 96
1, 12912, Note_on_c, 0, 105, 95
1, 12921, Control_c, 0, 64, 96
1, 12932, Note_off_c, 0, 43, 52
1, 12935, Control_c, 0, 64, 97
1, 12950, Control_c, 0, 64, 97
1, 12980, Control_c, 0, 64, 98
1, 12981, Note_off_c, 0, 105, 65
1, 12984, Note_on_c, 0, 43, 48
1, 12987, Note_on_c, 0, 103, 88
1, 12990, Note_on_c, 0, 35, 73
1, 12990, Note_on_c, 0, 98, 88
1, 12991, Note_on_c, 0, 91, 81
1, 12992, Note_on_c, 0, 47, 74
1, 12996, Control_c, 0, 64, 98
1, 13011, Control_c, 0, 64, 99
1, 13017, Note_off_c, 0, 91, 51
1, 13026, Control_c, 0, 64, 100
1, 13031, Note_off_c, 0, 35, 62
1, 13040, Control_c, 0, 64, 101
1, 13056, Note_on_c, 0, 101, 87
1, 13063, Note_off_c, 0, 103, 64
1, 13065, Note_off_c, 0, 47, 63
1, 13075, Note_off_c, 0, 98, 66
1, 13076, Note_off_c, 0, 101, 71
1, 13101, Note_off_c, 0, 43, 54
1, 13132, Note_on_c, 0, 43, 73
1, 13132, Note_on_c, 0, 100, 107
1, 13137, Note_on_c, 0, 48, 93
1, 13139, Note_on_c, 0, 36, 93
1, 13139, Note_on_c, 0, 88, 98
1, 13154, Note_off_c, 0, 88, 73
1, 13157, Note_off_c, 0, 100, 70
1, 13166, Note_off_c, 0, 36, 69
1, 13172, Note_off_c, 0, 43, 63
1, 13178, Note_off_c, 0, 48, 62
1, 13292, Control_c, 0, 64, 101
1, 13321, Control_c, 0, 64, 100
1, 13336, Control_c, 0, 64, 100
1, 13351, Control_c, 0, 64, 98
1, 13366, Control_c, 0, 64, 96
1, 13380, Control_c, 0, 64, 92
1, 13395, Control_c, 0, 64, 85
1, 13410, Control_c, 0, 64, 77
1, 13425, Control_c, 0, 64, 66
1, 13440, Control_c, 0, 64, 34
1, 13455, Control_c, 0, 64, 0
1, 13647, Control_c, 0, 64, 18
1, 13670, Control_c, 0, 64, 61
1, 13684, Control_c, 0, 64, 61
1, 13699, Control_c, 0, 64, 55
1, 13701, Note_on_c, 0, 76, 83
1, 13703, Note_on_c, 0, 67, 70
1, 13705, Note_on_c, 0, 58, 69
1, 13706, Note_on_c, 0, 64, 71
1, 13708, Note_on_c, 0, 73, 72
1, 13712, Note_on_c, 0, 46, 62
1, 13714, Control_c, 0, 64, 31
1, 13716, Note_on_c, 0, 52, 56
1, 13717, Note_on_c, 0, 55, 53
1, 13723, Note_on_c, 0, 49, 51
1, 13723, Note_off_c, 0, 64, 66
1, 13729, Control_c, 0, 64, 0
1, 13731, Note_off_c, 0, 67, 66
1, 13734, Note_off_c, 0, 58, 64
1, 13741, Note_off_c, 0, 76, 66
1, 13743, Note_off_c, 0, 73, 59
1, 13747, Note_off_c, 0, 55, 65
1, 13748, Note_off_c, 0, 52, 66
1, 13762, Note_off_c, 0, 49, 61
1, 13768, Note_off_c, 0, 46, 56
1, 14026, Control_c, 0, 64, 54
1, 14040, Note_on_c, 0, 77, 75
1, 14041, Control_c, 0, 64, 65
1, 14044, Note_on_c, 0, 65, 63
1, 14045, Note_on_c, 0, 56, 68
1, 14048, Note_on_c, 0, 73, 69
1, 14049, Note_on_c, 0, 49, 61
1, 14049, Note_on_c, 0, 68, 61
1, 14054, Note_on_c, 0, 44, 63
1, 14055, Control_c, 0, 64, 64
1, 14059, Note_on_c, 0, 53, 47
1, 14062, Note_off_c, 0, 65, 65
1, 14069, Note_off_c, 0, 68, 65
1, 14070, Control_c, 0, 64, 59
1, 14072, Note_off_c, 0, 56, 64
1, 14085, Note_off_c, 0, 53, 53
1, 14085, Control_c, 0, 64, 25
1, 14090, Note_off_c, 0, 77, 60
1, 14091, Note_off_c, 0, 49, 63
1, 14093, Note_off_c, 0, 73, 60
1, 14100, Control_c, 0, 64, 0
1, 14107, Note_off_c, 0, 44, 60
1, 14292, Control_c, 0, 64, 62
1, 14307, Control_c, 0, 64, 70
1, 14310, Note_on_c, 0, 80, 82
1, 14312, Note_on_c, 0, 54, 67
1, 14313, Note_on_c, 0, 75, 74
1, 14313, Note_on_c, 0, 68, 69
1, 14316, Note_on_c, 0, 51, 58
1, 14320, Note_on_c, 0, 42, 63
1, 14321, Note_on_c, 0, 48, 55
1, 14322, Control_c, 0, 64, 71
1, 14329, Note_off_c, 0, 68, 67
1, 14336, Control_c, 0, 64, 70
1, 14342, Note_off_c, 0, 75, 66
1, 14345, Note_off_c, 0, 48, 62
1, 14347, Note_off_c, 0, 51, 63
1, 14348, Note_off_c, 0, 54, 59
1, 14351, Control_c, 0, 64, 68
1, 14366, Control_c, 0, 64, 61
1, 14367, Note_off_c, 0, 80, 64
1, 14380, Note_off_c, 0, 42, 55
1, 14380, Control_c, 0, 64, 0
1, 14551, Control_c, 0, 64, 64
1, 14552, Note_on_c, 0, 85, 82
1, 14556, Note_on_c, 0, 80, 73
1, 14557, Note_on_c, 0, 73, 68
1, 14560, Note_on_c, 0, 53, 72
1, 14561, Note_on_c, 0, 49, 71
1, 14566, Control_c, 0, 64, 80
1, 14568, Note_on_c, 0, 41, 63
1, 14573, Note_on_c, 0, 44, 58
1, 14574, Note_off_c, 0, 73, 66
1, 14582, Note_off_c, 0, 80, 67
1, 14585, Note_off_c, 0, 53, 69
1, 14594, Note_off_c, 0, 49, 63
1, 14597, Control_c, 0, 64, 77
1, 14602, Note_off_c, 0, 41, 66
1, 14606, Note_off_c, 0, 85, 65
1, 14608, Note_off_c, 0, 44, 63
1, 14611, Control_c, 0, 64, 64
1, 14626, Control_c, 0, 64, 0
1, 14770, Note_on_c, 0, 90, 89
1, 14772, Note_on_c, 0, 78, 88
1, 14774, Control_c, 0, 64, 70
1, 14776, Note_on_c, 0, 82, 73
1, 14778, Note_on_c, 0, 46, 71
1, 14778, Note_on_c, 0, 85, 76
1, 14781, Note_on_c, 0, 52, 73
1, 14783, Note_on_c, 0, 49, 70
1, 14787, Note_on_c, 0, 40, 69
1, 14789, Control_c, 0, 64, 83
1, 14790, Note_off_c, 0, 78, 71
1, 14801, Note_off_c, 0, 82, 66
1, 14802, Note_off_c, 0, 85, 67
1, 14803, Control_c, 0, 64, 82
1, 14807, Note_off_c, 0, 52, 69
1, 14813, Note_off_c, 0, 49, 60
1, 14814, Note_off_c, 0, 46, 65
1, 14818, Control_c, 0, 64, 77
1, 14821, Note_off_c, 0, 40, 63
1, 14824, Note_off_c, 0, 90, 64
1, 14833, Control_c, 0, 64, 47
1, 14848, Control_c, 0, 64, 0
1, 14981, Control_c, 0, 64, 65
1, 14982, Note_on_c, 0, 90, 80
1, 14983, Note_on_c, 0, 83, 81
1, 14983, Note_on_c, 0, 95, 87
1, 14984, Note_on_c, 0, 87, 77
1, 14988, Note_on_c, 0, 51, 80
1, 14996, Note_on_c, 0, 47, 64
1, 14996, Note_on_c, 0, 42, 61
1, 14996, Control_c, 0, 64, 86
1, 14996, Note_on_c, 0, 39, 68
1, 15002, Note_off_c, 0, 83, 70
1, 15009, Note_off_c, 0, 87, 67
1, 15014, Note_off_c, 0, 51, 67
1, 15024, Note_off_c, 0, 47, 67
1, 15025, Note_off_c, 0, 90, 63
1, 15026, Control_c, 0, 64, 82
1, 15029, Note_off_c, 0, 42, 64
1, 15031, Note_off_c, 0, 95, 68
1, 15041, Control_c, 0, 64, 60
1, 15050, Note_off_c, 0, 39, 55
1, 15056, Control_c, 0, 64, 0
1, 15191, Note_on_c, 0, 100, 98
1, 15194, Note_on_c, 0, 88, 89
1, 15195, Note_on_c, 0, 44, 74
1, 15197, Note_on_c, 0, 92, 83
1, 15197, Note_on_c, 0, 95, 84
1, 15197, Control_c, 0, 64, 61
1, 15198, Note_on_c, 0, 50, 79
1, 15204, Note_on_c, 0, 38, 71
1, 15211, Note_off_c, 0, 88, 71
1, 15211, Control_c, 0, 64, 102
1, 15221, Note_off_c, 0, 95, 66
1, 15222, Note_off_c, 0, 92, 65
1, 15226, Note_off_c, 0, 50, 67
1, 15226, Control_c, 0, 64, 111
1, 15232, Note_off_c, 0, 44, 65
1, 15235, Note_off_c, 0, 38, 62
1, 15241, Control_c, 0, 64, 103
1, 15243, Note_off_c, 0, 100, 66
1, 15256, Control_c, 0, 64, 93
1, 15271, Control_c, 0, 64, 74
1, 15279, Poly_aftertouch_c, 0, 47, 0
1, 15285, Control_c, 0, 64, 0
1, 15419, Note_on_c, 0, 105, 101
1, 15420, Note_on_c, 0, 93, 103
1, 15420, Note_on_c, 0, 100, 94
1, 15423, Note_on_c, 0, 45, 66
1, 15424, Note_on_c, 0, 49, 95
1, 15431, Note_on_c, 0, 40, 71
1, 15431, Note_on_c, 0, 37, 76
1, 15434, Control_c, 0, 64, 56
1, 15437, Note_off_c, 0, 93, 66
1, 15449, Control_c, 0, 64, 127
1, 15450, Note_off_c, 0, 105, 63
1, 15455, Note_off_c, 0, 100, 66
1, 15464, Note_on_c, 0, 42, 31
1, 15465, Note_off_c, 0, 49, 63
1, 15466, Note_off_c, 0, 37, 67
1, 15466, Note_off_c, 0, 45, 64
1, 15468, Note_off_c, 0, 40, 63
1, 15503, Note_off_c, 0, 42, 46
1, 15672, Control_c, 0, 64, 116
1, 15687, Control_c, 0, 64, 99
1, 15701, Control_c, 0, 64, 80
1, 15716, Control_c, 0, 64, 36
1, 15731, Control_c, 0, 64, 0
1, 16001, Note_on_c, 0, 101, 105
1, 16003, Note_on_c, 0, 89, 109
1, 16003, Note_on_c, 0, 98, 94
1, 16004, Note_on_c, 0, 93, 101
1, 16013, Note_on_c, 0, 45, 93
1, 16013, Note_on_c, 0, 50, 98
1, 16018, Note_on_c, 0, 38, 87
1, 16020, Control_c, 0, 64, 78
1, 16021, Note_on_c, 0, 41, 86
1, 16027, Note_off_c, 0, 89, 70
1, 16028, Note_off_c, 0, 101, 71
1, 16033, Note_off_c, 0, 93, 67
1, 16034, Control_c, 0, 64, 127
1, 16038, Note_off_c, 0, 98, 66
1, 16056, Note_off_c, 0, 50, 62
1, 16057, Note_off_c, 0, 41, 63
1, 16058, Note_off_c, 0, 38, 60
1, 16065, Note_off_c, 0, 45, 62
1, 17009, Note_on_c, 0, 46, 103
1, 17011, Note_on_c, 0, 62, 99
1, 17014, Note_on_c, 0, 53, 102
1, 17014, Note_on_c, 0, 58, 99
1, 17021, Control_c, 0, 64, 114
1, 17036, Control_c, 0, 64, 87
1, 17051, Control_c, 0, 64, 47
1, 17066, Control_c, 0, 64, 0
1, 17303, Control_c, 0, 64, 38
1, 17318, Control_c, 0, 64, 57
1, 17333, Control_c, 0, 64, 60
1, 17347, Control_c, 0, 64, 64
1, 17348, Note_off_c, 0, 46, 57
1, 17362, Control_c, 0, 64, 67
1, 17365, Note_on_c, 0, 48, 54
1, 17377, Control_c, 0, 64, 69
1, 17392, Control_c, 0, 64, 73
1, 17408, Note_off_c, 0, 48, 64
1, 17414, Control_c, 0, 64, 76
1, 17424, Note_on_c, 0, 46, 57
1, 17428, Control_c, 0, 64, 78
1, 17443, Control_c, 0, 64, 80
1, 17458, Control_c, 0, 64, 82
1, 17473, Control_c, 0, 64, 83
1, 17480, Note_off_c, 0, 46, 60
1, 17488, Control_c, 0, 64, 84
1, 17496, Note_on_c, 0, 48, 63
1, 17503, Control_c, 0, 64, 85
1, 17531, Note_off_c, 0, 48, 63
1, 17532, Control_c, 0, 64, 85
1, 17560, Note_on_c, 0, 46, 60
1, 17562, Control_c, 0, 64, 86
1, 17594, Note_off_c, 0, 46, 64
1, 17613, Note_on_c, 0, 48, 65
1, 17621, Control_c, 0, 64, 86
1, 17634, Note_off_c, 0, 48, 67
1, 17664, Note_on_c, 0, 46, 68
1, 17666, Control_c, 0, 64, 87
1, 17680, Control_c, 0, 64, 87
1, 17695, Control_c, 0, 64, 88
1, 17708, Note_off_c, 0, 46, 62
1, 17710, Control_c, 0, 64, 89
1, 17717, Note_on_c, 0, 48, 60
1, 17724, Control_c, 0, 64, 90
1, 17739, Control_c, 0, 64, 91
1, 17754, Control_c, 0, 64, 92
1, 17756, Note_off_c, 0, 48, 66
1, 17769, Control_c, 0, 64, 93
1, 17785, Control_c, 0, 64, 93
1, 17790, Note_on_c, 0, 46, 70
1, 17800, Control_c, 0, 64, 94
1, 17815, Control_c, 0, 64, 95
1, 17817, Note_off_c, 0, 46, 66
1, 17829, Control_c, 0, 64, 96
1, 17844, Control_c, 0, 64, 97
1, 17848, Note_on_c, 0, 48, 61
1, 17859, Control_c, 0, 64, 97
1, 17876, Note_off_c, 0, 48, 59
1, 17893, Note_on_c, 0, 46, 73
1, 17925, Note_off_c, 0, 46, 65
1, 17953, Note_on_c, 0, 48, 68
1, 17970, Note_off_c, 0, 48, 67
1, 18005, Note_on_c, 0, 46, 71
1, 18031, Note_off_c, 0, 46, 64
1, 18046, Note_on_c, 0, 48, 60
1, 18095, Note_off_c, 0, 48, 66
1, 18116, Note_on_c, 0, 46, 68
1, 18151, Note_off_c, 0, 46, 65
1, 18164, Note_on_c, 0, 48, 61
1, 18195, Note_off_c, 0, 48, 67
1, 18207, Note_on_c, 0, 46, 73
1, 18257, Note_off_c, 0, 46, 61
1, 18279, Note_on_c, 0, 48, 70
1, 18311, Note_off_c, 0, 48, 65
1, 18325, Note_on_c, 0, 46, 64
1, 18340, Control_c, 0, 64, 95
1, 18354, Note_off_c, 0, 46, 63
1, 18354, Control_c, 0, 64, 85
1, 18369, Control_c, 0, 64, 68
1, 18374, Note_on_c, 0, 44, 97
1, 18384, Control_c, 0, 64, 0
1, 18402, Note_off_c, 0, 58, 51
1, 18443, Control_c, 0, 64, 52
1, 18458, Control_c, 0, 64, 67
1, 18473, Control_c, 0, 64, 72
1, 18488, Control_c, 0, 64, 76
1, 18502, Control_c, 0, 64, 79
1, 18517, Control_c, 0, 64, 81
1, 18529, Note_off_c, 0, 62, 53
1, 18532, Control_c, 0, 64, 82
1, 18546, Control_c, 0, 64, 84
1, 18561, Control_c, 0, 64, 86
1, 18577, Control_c, 0, 64, 87
1, 18592, Note_off_c, 0, 44, 63
1, 18592, Control_c, 0, 64, 88
1, 18604, Note_on_c, 0, 46, 72
1, 18607, Control_c, 0, 64, 88
1, 18622, Control_c, 0, 64, 89
1, 18637, Control_c, 0, 64, 89
1, 18640, Note_off_c, 0, 46, 65
1, 18666, Note_on_c, 0, 44, 65
1, 18666, Control_c, 0, 64, 90
1, 18669, Note_off_c, 0, 53, 42
1, 18681, Control_c, 0, 64, 90
1, 18696, Control_c, 0, 64, 91
1, 18710, Note_off_c, 0, 44, 64
1, 18725, Control_c, 0, 64, 92
1, 18733, Note_on_c, 0, 46, 72
1, 18740, Control_c, 0, 64, 93
1, 18756, Control_c, 0, 64, 94
1, 18769, Note_off_c, 0, 46, 63
1, 18770, Control_c, 0, 64, 97
1, 18785, Control_c, 0, 64, 99
1, 18800, Control_c, 0, 64, 99
1, 18802, Note_on_c, 0, 44, 65
1, 18844, Control_c, 0, 64, 96
1, 18856, Note_on_c, 0, 67, 92
1, 18859, Note_on_c, 0, 53, 89
1, 18859, Control_c, 0, 64, 86
1, 18860, Note_on_c, 0, 62, 77
1, 18861, Note_on_c, 0, 55, 92
1, 18865, Note_on_c, 0, 59, 73
1, 18868, Note_off_c, 0, 44, 62
1, 18874, Control_c, 0, 64, 67
1, 18875, Note_on_c, 0, 43, 72
1, 18889, Control_c, 0, 64, 0
1, 18956, Control_c, 0, 64, 34
1, 18958, Poly_aftertouch_c, 0, 64, 127
1, 18971, Control_c, 0, 64, 66
1, 18985, Control_c, 0, 64, 73
1, 19000, Control_c, 0, 64, 77
1, 19015, Control_c, 0, 64, 78
1, 19030, Control_c, 0, 64, 78
1, 19045, Control_c, 0, 64, 79
1, 19047, Note_off_c, 0, 43, 61
1, 19059, Control_c, 0, 64, 80
1, 19067, Note_on_c, 0, 45, 62
1, 19074, Control_c, 0, 64, 81
1, 19089, Control_c, 0, 64, 82
1, 19104, Control_c, 0, 64, 83
1, 19106, Note_off_c, 0, 45, 64
1, 19119, Control_c, 0, 64, 84
1, 19132, Note_on_c, 0, 43, 62
1, 19134, Control_c, 0, 64, 85
1, 19148, Control_c, 0, 64, 86
1, 19163, Control_c, 0, 64, 87
1, 19178, Note_off_c, 0, 43, 60
1, 19178, Control_c, 0, 64, 88
1, 19193, Control_c, 0, 64, 89
1, 19208, Control_c, 0, 64, 91
1, 19209, Note_on_c, 0, 45, 57
1, 19223, Control_c, 0, 64, 93
1, 19238, Control_c, 0, 64, 93
1, 19238, Note_off_c, 0, 45, 66
1, 19240, Note_on_c, 0, 43, 54
1, 19266, Note_off_c, 0, 43, 59
1, 19267, Control_c, 0, 64, 92
1, 19282, Control_c, 0, 64, 81
1, 19294, Note_on_c, 0, 41, 104
1, 19297, Control_c, 0, 64, 64
1, 19312, Control_c, 0, 64, 0
1, 19372, Control_c, 0, 64, 63
1, 19387, Control_c, 0, 64, 72
1, 19401, Control_c, 0, 64, 78
1, 19412, Note_off_c, 0, 41, 66
1, 19416, Control_c, 0, 64, 82
1, 19431, Control_c, 0, 64, 82
1, 19435, Note_on_c, 0, 43, 59
1, 19446, Control_c, 0, 64, 83
1, 19461, Control_c, 0, 64, 83
1, 19469, Note_off_c, 0, 43, 63
1, 19475, Control_c, 0, 64, 84
1, 19490, Control_c, 0, 64, 84
1, 19505, Note_on_c, 0, 41, 69
1, 19505, Control_c, 0, 64, 85
1, 19520, Control_c, 0, 64, 85
1, 19539, Note_off_c, 0, 41, 61
1, 19549, Control_c, 0, 64, 86
1, 19564, Control_c, 0, 64, 87
1, 19573, Note_on_c, 0, 43, 60
1, 19579, Control_c, 0, 64, 89
1, 19593, Control_c, 0, 64, 90
1, 19594, Note_on_c, 0, 41, 70
1, 19601, Note_off_c, 0, 43, 61
1, 19622, Note_off_c, 0, 41, 68
1, 19638, Control_c, 0, 64, 85
1, 19661, Control_c, 0, 64, 69
1, 19668, Note_on_c, 0, 38, 102
1, 19675, Control_c, 0, 64, 0
1, 19735, Control_c, 0, 64, 39
1, 19749, Control_c, 0, 64, 69
1, 19764, Control_c, 0, 64, 75
1, 19779, Control_c, 0, 64, 79
1, 19781, Note_off_c, 0, 38, 63
1, 19794, Control_c, 0, 64, 80
1, 19804, Note_on_c, 0, 40, 63
1, 19823, Control_c, 0, 64, 81
1, 19838, Control_c, 0, 64, 82
1, 19843, Note_off_c, 0, 40, 64
1, 19853, Control_c, 0, 64, 83
1, 19864, Note_on_c, 0, 38, 66
1, 19868, Control_c, 0, 64, 84
1, 19882, Control_c, 0, 64, 85
1, 19897, Control_c, 0, 64, 85
1, 19898, Note_off_c, 0, 38, 63
1, 19912, Control_c, 0, 64, 86
1, 19926, Control_c, 0, 64, 86
1, 19935, Note_on_c, 0, 40, 64
1, 19941, Control_c, 0, 64, 88
1, 19956, Control_c, 0, 64, 91
1, 19963, Note_off_c, 0, 40, 65
1, 19971, Control_c, 0, 64, 93
1, 19981, Note_on_c, 0, 38, 59
1, 19986, Control_c, 0, 64, 94
1, 20004, Note_off_c, 0, 38, 61
1, 20016, Control_c, 0, 64, 90
1, 20031, Control_c, 0, 64, 78
1, 20034, Note_on_c, 0, 35, 103
1, 20046, Control_c, 0, 64, 0
1, 20120, Control_c, 0, 64, 54
1, 20134, Control_c, 0, 64, 70
1, 20149, Control_c, 0, 64, 76
1, 20159, Note_off_c, 0, 35, 65
1, 20164, Control_c, 0, 64, 79
1, 20180, Control_c, 0, 64, 80
1, 20195, Control_c, 0, 64, 80
1, 20210, Control_c, 0, 64, 81
1, 20211, Note_on_c, 0, 36, 52
1, 20224, Control_c, 0, 64, 82
1, 20239, Control_c, 0, 64, 84
1, 20241, Note_off_c, 0, 36, 53
1, 20252, Control_c, 0, 64, 85
1, 20264, Note_on_c, 0, 35, 64
1, 20267, Control_c, 0, 64, 87
1, 20282, Control_c, 0, 64, 89
1, 20296, Control_c, 0, 64, 91
1, 20299, Note_off_c, 0, 35, 64
1, 20311, Control_c, 0, 64, 94
1, 20320, Note_on_c, 0, 36, 57
1, 20326, Control_c, 0, 64, 96
1, 20341, Note_off_c, 0, 36, 64
1, 20341, Control_c, 0, 64, 99
1, 20356, Control_c, 0, 64, 103
1, 20371, Note_on_c, 0, 35, 61
1, 20371, Control_c, 0, 64, 109
1, 20386, Control_c, 0, 64, 118
1, 20408, Control_c, 0, 64, 127
1, 20411, Note_off_c, 0, 35, 64
1, 20423, Note_on_c, 0, 36, 64
1, 20454, Note_off_c, 0, 36, 65
1, 20471, Note_on_c, 0, 35, 60
1, 20486, Note_off_c, 0, 35, 71
1, 20517, Note_on_c, 0, 31, 106
1, 20526, Control_c, 0, 64, 110
1, 20541, Control_c, 0, 64, 85
1, 20550, Note_on_c, 0, 33, 45
1, 20555, Control_c, 0, 64, 53
1, 20570, Control_c, 0, 64, 0
1, 20585, Note_off_c, 0, 33, 56
1, 20623, Poly_aftertouch_c, 0, 35, 0
1, 20690, Control_c, 0, 64, 48
1, 20704, Control_c, 0, 64, 63
1, 20719, Control_c, 0, 64, 66
1, 20734, Control_c, 0, 64, 70
1, 20736, Note_off_c, 0, 31, 64
1, 20740, Note_on_c, 0, 33, 64
1, 20748, Control_c, 0, 64, 73
1, 20763, Control_c, 0, 64, 75
1, 20773, Note_off_c, 0, 33, 63
1, 20778, Control_c, 0, 64, 76
1, 20793, Control_c, 0, 64, 77
1, 20795, Note_on_c, 0, 31, 63
1, 20808, Control_c, 0, 64, 78
1, 20822, Control_c, 0, 64, 79
1, 20837, Control_c, 0, 64, 80
1, 20845, Note_off_c, 0, 31, 64
1, 20852, Control_c, 0, 64, 81
1, 20854, Note_on_c, 0, 33, 66
1, 20867, Control_c, 0, 64, 82
1, 20882, Control_c, 0, 64, 83
1, 20889, Note_off_c, 0, 33, 65
1, 20896, Control_c, 0, 64, 84
1, 20901, Note_on_c, 0, 31, 70
1, 20911, Control_c, 0, 64, 85
1, 20926, Control_c, 0, 64, 85
1, 20949, Note_off_c, 0, 31, 60
1, 20955, Control_c, 0, 64, 86
1, 20964, Note_on_c, 0, 33, 75
1, 21000, Note_off_c, 0, 33, 66
1, 21024, Note_on_c, 0, 31, 64
1, 21061, Note_off_c, 0, 31, 64
1, 21081, Note_on_c, 0, 33, 73
1, 21106, Note_off_c, 0, 33, 69
1, 21134, Note_on_c, 0, 31, 64
1, 21167, Note_off_c, 0, 31, 61
1, 21192, Note_on_c, 0, 33, 76
1, 21229, Note_off_c, 0, 33, 66
1, 21231, Control_c, 0, 64, 86
1, 21239, Note_on_c, 0, 31, 71
1, 21282, Note_off_c, 0, 31, 53
1, 21307, Note_on_c, 0, 33, 75
1, 21342, Note_off_c, 0, 33, 64
1, 21358, Note_on_c, 0, 31, 74
1, 21378, Control_c, 0, 64, 87
1, 21391, Note_off_c, 0, 31, 64
1, 21423, Control_c, 0, 64, 85
1, 21432, Note_on_c, 0, 33, 63
1, 21438, Control_c, 0, 64, 77
1, 21453, Control_c, 0, 64, 58
1, 21455, Note_on_c, 0, 31, 93
1, 21460, Note_off_c, 0, 33, 59
1, 21468, Control_c, 0, 64, 0
1, 21557, Control_c, 0, 64, 64
1, 21571, Control_c, 0, 64, 69
1, 21586, Control_c, 0, 64, 71
1, 21601, Control_c, 0, 64, 73
1, 21616, Control_c, 0, 64, 74
1, 21622, Note_off_c, 0, 31, 62
1, 21631, Control_c, 0, 64, 76
1, 21645, Control_c, 0, 64, 78
1, 21660, Control_c, 0, 64, 81
1, 21675, Control_c, 0, 64, 82
1, 21689, Control_c, 0, 64, 83
1, 21719, Control_c, 0, 64, 82
1, 21734, Control_c, 0, 64, 77
1, 21745, Note_on_c, 0, 30, 82
1, 21750, Control_c, 0, 64, 66
1, 21766, Control_c, 0, 64, 0
1, 21825, Control_c, 0, 64, 65
1, 21840, Note_off_c, 0, 30, 62
1, 21840, Control_c, 0, 64, 70
1, 21855, Control_c, 0, 64, 74
1, 21869, Control_c, 0, 64, 76
1, 21884, Control_c, 0, 64, 78
1, 21906, Control_c, 0, 64, 80
1, 21921, Control_c, 0, 64, 81
1, 21924, Note_on_c, 0, 31, 87
1, 21936, Control_c, 0, 64, 82
1, 21951, Control_c, 0, 64, 82
1, 21972, Note_off_c, 0, 31, 64
1, 22010, Control_c, 0, 64, 81
1, 22025, Control_c, 0, 64, 74
1, 22037, Note_on_c, 0, 32, 89
1, 22040, Control_c, 0, 64, 57
1, 22055, Control_c, 0, 64, 0
1, 22085, Note_off_c, 0, 32, 63
1, 22099, Control_c, 0, 64, 18
1, 22114, Control_c, 0, 64, 66
1, 22129, Control_c, 0, 64, 74
1, 22138, Note_on_c, 0, 33, 96
1, 22143, Control_c, 0, 64, 82
1, 22158, Control_c, 0, 64, 86
1, 22173, Control_c, 0, 64, 89
1, 22175, Note_off_c, 0, 33, 64
1, 22188, Control_c, 0, 64, 90
1, 22202, Control_c, 0, 64, 90
1, 22232, Control_c, 0, 64, 89
1, 22243, Note_on_c, 0, 34, 92
1, 22247, Control_c, 0, 64, 84
1, 22262, Control_c, 0, 64, 75
1, 22276, Control_c, 0, 64, 64
1, 22291, Control_c, 0, 64, 0
1, 22299, Note_off_c, 0, 34, 62
1, 22335, Control_c, 0, 64, 50
1, 22346, Note_on_c, 0, 35, 94
1, 22350, Control_c, 0, 64, 67
1, 22365, Control_c, 0, 64, 72
1, 22380, Control_c, 0, 64, 76
1, 22388, Note_off_c, 0, 35, 62
1, 22395, Control_c, 0, 64, 77
1, 22410, Control_c, 0, 64, 78
1, 22424, Control_c, 0, 64, 79
1, 22439, Control_c, 0, 64, 80
1, 22454, Control_c, 0, 64, 80
1, 22469, Control_c, 0, 64, 81
1, 22484, Control_c, 0, 64, 82
1, 22499, Control_c, 0, 64, 82
1, 22520, Note_off_c, 0, 67, 34
1, 22527, Note_off_c, 0, 55, 32
1, 22543, Control_c, 0, 64, 81
1, 22558, Control_c, 0, 64, 74
1, 22574, Control_c, 0, 64, 54
1, 22575, Poly_aftertouch_c, 0, 64, 0
1, 22588, Control_c, 0, 64, 0
1, 22591, Note_on_c, 0, 36, 91
1, 22599, Note_off_c, 0, 62, 60
1, 22610, Note_off_c, 0, 53, 0
1, 22647, Note_off_c, 0, 59, 41
1, 22654, Poly_aftertouch_c, 0, 53, 127
1, 22661, Note_on_c, 0, 53, 2
1, 22710, Note_off_c, 0, 53, 42
1, 22758, Control_c, 0, 64, 38
1, 22773, Control_c, 0, 64, 62
1, 22788, Control_c, 0, 64, 65
1, 22794, Note_on_c, 0, 40, 66
1, 22803, Control_c, 0, 64, 66
1, 22818, Control_c, 0, 64, 69
1, 22833, Control_c, 0, 64, 71
1, 22848, Control_c, 0, 64, 73
1, 22855, Note_on_c, 0, 42, 70
1, 22863, Control_c, 0, 64, 75
1, 22878, Control_c, 0, 64, 76
1, 22892, Control_c, 0, 64, 77
1, 22895, Note_off_c, 0, 40, 57
1, 22901, Note_off_c, 0, 36, 58
1, 22907, Control_c, 0, 64, 78
1, 22922, Control_c, 0, 64, 78
1, 22930, Note_on_c, 0, 48, 72
1, 22937, Control_c, 0, 64, 79
1, 22951, Control_c, 0, 64, 79
1, 22959, Note_off_c, 0, 42, 61
1, 22965, Note_off_c, 0, 48, 65
1, 22966, Control_c, 0, 64, 80
1, 22981, Control_c, 0, 64, 81
1, 22991, Note_on_c, 0, 52, 68
1, 22996, Control_c, 0, 64, 82
1, 23011, Control_c, 0, 64, 83
1, 23025, Control_c, 0, 64, 84
1, 23026, Note_off_c, 0, 52, 67
1, 23040, Control_c, 0, 64, 85
1, 23048, Note_on_c, 0, 55, 73
1, 23055, Control_c, 0, 64, 86
1, 23070, Control_c, 0, 64, 87
1, 23085, Control_c, 0, 64, 88
1, 23099, Control_c, 0, 64, 89
1, 23101, Note_off_c, 0, 55, 62
1, 23101, Note_on_c, 0, 60, 77
1, 23114, Control_c, 0, 64, 89
1, 23129, Control_c, 0, 64, 90
1, 23143, Control_c, 0, 64, 91
1, 23152, Note_off_c, 0, 60, 64
1, 23158, Control_c, 0, 64, 92
1, 23163, Note_on_c, 0, 64, 81
1, 23173, Control_c, 0, 64, 93
1, 23188, Control_c, 0, 64, 95
1, 23189, Note_off_c, 0, 64, 70
1, 23203, Control_c, 0, 64, 95
1, 23232, Control_c, 0, 64, 95
1, 23247, Control_c, 0, 64, 89
1, 23259, Note_on_c, 0, 68, 102
1, 23262, Control_c, 0, 64, 74
1, 23265, Note_on_c, 0, 56, 86
1, 23277, Control_c, 0, 64, 0
1, 23366, Control_c, 0, 64, 42
1, 23381, Control_c, 0, 64, 66
1, 23404, Control_c, 0, 64, 69
1, 23419, Control_c, 0, 64, 72
1, 23434, Control_c, 0, 64, 75
1, 23445, Note_on_c, 0, 71, 70
1, 23448, Control_c, 0, 64, 78
1, 23462, Note_off_c, 0, 68, 56
1, 23463, Note_off_c, 0, 56, 59
1, 23463, Control_c, 0, 64, 81
1, 23478, Control_c, 0, 64, 82
1, 23486, Note_off_c, 0, 71, 61
1, 23493, Control_c, 0, 64, 83
1, 23506, Note_on_c, 0, 74, 63
1, 23508, Control_c, 0, 64, 83
1, 23526, Note_on_c, 0, 55, 68
1, 23537, Control_c, 0, 64, 84
1, 23550, Note_off_c, 0, 74, 62
1, 23557, Note_on_c, 0, 80, 78
1, 23560, Note_on_c, 0, 59, 60
1, 23572, Note_on_c, 0, 62, 72
1, 23586, Note_off_c, 0, 80, 64
1, 23623, Note_on_c, 0, 65, 81
1, 23625, Note_on_c, 0, 67, 83
1, 23625, Note_on_c, 0, 79, 92
1, 23634, Note_off_c, 0, 62, 63
1, 23645, Note_off_c, 0, 59, 61
1, 23648, Note_off_c, 0, 67, 65
1, 23650, Note_off_c, 0, 65, 67
1, 23681, Note_off_c, 0, 79, 61
1, 23686, Note_off_c, 0, 55, 64
1, 23691, Note_on_c, 0, 83, 85
1, 23754, Note_off_c, 0, 83, 58
1, 23762, Note_on_c, 0, 86, 83
1, 23774, Control_c, 0, 64, 84
1, 23798, Note_on_c, 0, 88, 38
1, 23808, Note_off_c, 0, 86, 63
1, 23819, Control_c, 0, 64, 85
1, 23823, Note_on_c, 0, 91, 96
1, 23834, Control_c, 0, 64, 86
1, 23837, Note_off_c, 0, 88, 51
1, 23848, Control_c, 0, 64, 88
1, 23863, Control_c, 0, 64, 90
1, 23864, Note_off_c, 0, 91, 60
1, 23878, Control_c, 0, 64, 90
1, 23908, Control_c, 0, 64, 90
1, 23917, Note_on_c, 0, 36, 91
1, 23922, Control_c, 0, 64, 87
1, 23937, Control_c, 0, 64, 76
1, 23952, Control_c, 0, 64, 47
1, 23966, Control_c, 0, 64, 0
1, 24055, Control_c, 0, 64, 39
1, 24070, Control_c, 0, 64, 61
1, 24085, Control_c, 0, 64, 64
1, 24100, Control_c, 0, 64, 65
1, 24109, Note_on_c, 0, 40, 64
1, 24115, Control_c, 0, 64, 67
1, 24130, Control_c, 0, 64, 69
1, 24152, Control_c, 0, 64, 71
1, 24168, Control_c, 0, 64, 73
1, 24178, Note_on_c, 0, 43, 69
1, 24183, Control_c, 0, 64, 74
1, 24197, Control_c, 0, 64, 75
1, 24210, Note_off_c, 0, 36, 52
1, 24212, Control_c, 0, 64, 75
1, 24227, Control_c, 0, 64, 77
1, 24234, Note_off_c, 0, 40, 56
1, 24238, Note_on_c, 0, 48, 73
1, 24242, Control_c, 0, 64, 78
1, 24257, Control_c, 0, 64, 78
1, 24261, Note_off_c, 0, 43, 60
1, 24275, Note_on_c, 0, 52, 77
1, 24285, Note_off_c, 0, 48, 62
1, 24316, Control_c, 0, 64, 79
1, 24328, Note_off_c, 0, 52, 65
1, 24331, Control_c, 0, 64, 81
1, 24337, Note_on_c, 0, 55, 74
1, 24345, Control_c, 0, 64, 83
1, 24360, Control_c, 0, 64, 87
1, 24375, Control_c, 0, 64, 90
1, 24388, Note_on_c, 0, 60, 78
1, 24389, Control_c, 0, 64, 92
1, 24401, Note_off_c, 0, 55, 63
1, 24404, Control_c, 0, 64, 94
1, 24419, Control_c, 0, 64, 95
1, 24434, Control_c, 0, 64, 96
1, 24437, Note_off_c, 0, 60, 65
1, 24446, Note_on_c, 0, 64, 87
1, 24449, Control_c, 0, 64, 99
1, 24463, Control_c, 0, 64, 104
1, 24478, Control_c, 0, 64, 109
1, 24479, Note_off_c, 0, 64, 68
1, 24493, Control_c, 0, 64, 111
1, 24508, Control_c, 0, 64, 112
1, 24523, Control_c, 0, 64, 111
1, 24538, Control_c, 0, 64, 107
1, 24553, Control_c, 0, 64, 94
1, 24559, Note_on_c, 0, 68, 102
1, 24562, Note_on_c, 0, 56, 89
1, 24568, Control_c, 0, 64, 74
1, 24583, Control_c, 0, 64, 0
1, 24671, Control_c, 0, 64, 30
1, 24686, Control_c, 0, 64, 61
1, 24701, Control_c, 0, 64, 64
1, 24715, Control_c, 0, 64, 65
1, 24730, Control_c, 0, 64, 67
1, 24745, Control_c, 0, 64, 71
1, 24760, Control_c, 0, 64, 75
1, 24764, Note_off_c, 0, 56, 53
1, 24775, Control_c, 0, 64, 80
1, 24785, Note_off_c, 0, 68, 58
1, 24789, Control_c, 0, 64, 83
1, 24790, Note_on_c, 0, 71, 59
1, 24804, Control_c, 0, 64, 83
1, 24819, Control_c, 0, 64, 84
1, 24832, Note_off_c, 0, 71, 59
1, 24834, Control_c, 0, 64, 84
1, 24845, Note_on_c, 0, 55, 61
1, 24848, Note_on_c, 0, 74, 67
1, 24849, Control_c, 0, 64, 85
1, 24863, Control_c, 0, 64, 85
1, 24878, Control_c, 0, 64, 86
1, 24881, Note_off_c, 0, 74, 60
1, 24893, Note_on_c, 0, 59, 55
1, 24901, Control_c, 0, 64, 87
1, 24912, Note_on_c, 0, 62, 60
1, 24915, Control_c, 0, 64, 89
1, 24925, Note_on_c, 0, 80, 76
1, 24930, Control_c, 0, 64, 89
1, 24945, Control_c, 0, 64, 90
1, 24947, Note_off_c, 0, 80, 70
1, 24960, Control_c, 0, 64, 91
1, 24964, Note_on_c, 0, 67, 77
1, 24967, Note_on_c, 0, 65, 72
1, 24972, Note_off_c, 0, 62, 58
1, 24976, Control_c, 0, 64, 92
1, 24979, Note_off_c, 0, 59, 62
1, 24988, Note_on_c, 0, 79, 88
1, 24988, Note_off_c, 0, 67, 70
1, 24991, Control_c, 0, 64, 93
1, 24992, Note_off_c, 0, 65, 70
1, 25006, Control_c, 0, 64, 94
1, 25011, Note_off_c, 0, 55, 64
1, 25020, Control_c, 0, 64, 94
1, 25042, Note_off_c, 0, 79, 62
1, 25051, Note_on_c, 0, 83, 81
1, 25065, Control_c, 0, 64, 95
1, 25109, Control_c, 0, 64, 95
1, 25112, Note_on_c, 0, 86, 86
1, 25116, Note_off_c, 0, 83, 59
1, 25124, Control_c, 0, 64, 96
1, 25136, Note_on_c, 0, 88, 52
1, 25138, Control_c, 0, 64, 98
1, 25153, Control_c, 0, 64, 100
1, 25167, Note_on_c, 0, 91, 101
1, 25168, Note_off_c, 0, 86, 60
1, 25168, Control_c, 0, 64, 100
1, 25173, Note_off_c, 0, 88, 49
1, 25198, Control_c, 0, 64, 99
1, 25204, Note_off_c, 0, 91, 62
1, 25212, Control_c, 0, 64, 85
1, 25227, Control_c, 0, 64, 64
1, 25230, Note_on_c, 0, 36, 90
1, 25242, Control_c, 0, 64, 0
1, 25316, Control_c, 0, 64, 54
1, 25331, Control_c, 0, 64, 70
1, 25346, Control_c, 0, 64, 79
1, 25361, Control_c, 0, 64, 90
1, 25364, Note_on_c, 0, 40, 72
1, 25376, Control_c, 0, 64, 95
1, 25390, Control_c, 0, 64, 96
1, 25415, Note_off_c, 0, 36, 57
1, 25431, Note_on_c, 0, 43, 74
1, 25467, Note_off_c, 0, 40, 62
1, 25488, Note_on_c, 0, 48, 76
1, 25516, Note_off_c, 0, 43, 59
1, 25542, Note_off_c, 0, 48, 64
1, 25566, Note_on_c, 0, 52, 80
1, 25645, Note_off_c, 0, 52, 64
1, 25646, Note_on_c, 0, 55, 74
1, 25694, Control_c, 0, 64, 96
1, 25707, Note_on_c, 0, 60, 81
1, 25715, Note_off_c, 0, 55, 64
1, 25724, Control_c, 0, 64, 97
1, 25738, Control_c, 0, 64, 98
1, 25753, Control_c, 0, 64, 99
1, 25766, Note_off_c, 0, 60, 67
1, 25769, Control_c, 0, 64, 102
1, 25772, Note_on_c, 0, 64, 86
1, 25784, Control_c, 0, 64, 107
1, 25799, Control_c, 0, 64, 111
1, 25806, Note_off_c, 0, 64, 69
1, 25814, Control_c, 0, 64, 112
1, 25829, Control_c, 0, 64, 113
1, 25843, Control_c, 0, 64, 116
1, 25858, Control_c, 0, 64, 122
1, 25873, Control_c, 0, 64, 127
1, 26035, Control_c, 0, 64, 124
1, 26044, Note_on_c, 0, 64, 88
1, 26044, Note_on_c, 0, 69, 98
1, 26050, Control_c, 0, 64, 96
1, 26052, Note_on_c, 0, 60, 82
1, 26057, Note_on_c, 0, 57, 84
1, 26065, Control_c, 0, 64, 65
1, 26080, Control_c, 0, 64, 0
1, 26183, Control_c, 0, 64, 28
1, 26198, Control_c, 0, 64, 47
1, 26213, Control_c, 0, 64, 60
1, 26228, Control_c, 0, 64, 65
1, 26243, Control_c, 0, 64, 67
1, 26258, Control_c, 0, 64, 71
1, 26273, Control_c, 0, 64, 75
1, 26276, Note_on_c, 0, 72, 65
1, 26288, Control_c, 0, 64, 79
1, 26303, Control_c, 0, 64, 82
1, 26317, Control_c, 0, 64, 84
1, 26332, Control_c, 0, 64, 86
1, 26347, Control_c, 0, 64, 88
1, 26355, Note_on_c, 0, 76, 66
1, 26356, Note_off_c, 0, 72, 61
1, 26361, Control_c, 0, 64, 90
1, 26376, Control_c, 0, 64, 91
1, 26398, Control_c, 0, 64, 93
1, 26413, Control_c, 0, 64, 94
1, 26428, Control_c, 0, 64, 96
1, 26430, Note_off_c, 0, 76, 63
1, 26437, Note_on_c, 0, 81, 71
1, 26440, Note_off_c, 0, 64, 51
1, 26443, Control_c, 0, 64, 97
1, 26458, Control_c, 0, 64, 99
1, 26469, Note_off_c, 0, 57, 45
1, 26473, Control_c, 0, 64, 101
1, 26487, Control_c, 0, 64, 104
1, 26494, Note_off_c, 0, 69, 44
1, 26497, Note_off_c, 0, 81, 62
1, 26502, Note_on_c, 0, 84, 77
1, 26502, Control_c, 0, 64, 108
1, 26502, Note_off_c, 0, 60, 49
1, 26517, Control_c, 0, 64, 111
1, 26529, Note_off_c, 0, 84, 63
1, 26532, Control_c, 0, 64, 115
1, 26547, Control_c, 0, 64, 121
1, 26562, Control_c, 0, 64, 127
1, 26596, Note_on_c, 0, 88, 82
1, 26642, Note_off_c, 0, 88, 60
1, 26659, Note_on_c, 0, 93, 87
1, 26729, Note_off_c, 0, 93, 59
1, 26733, Note_on_c, 0, 100, 90
1, 26814, Control_c, 0, 64, 101
1, 26821, Note_on_c, 0, 64, 87
1, 26821, Note_on_c, 0, 67, 100
1, 26826, Note_on_c, 0, 96, 91
1, 26829, Note_on_c, 0, 55, 72
1, 26829, Control_c, 0, 64, 72
1, 26830, Note_on_c, 0, 60, 73
1, 26844, Control_c, 0, 64, 0
1, 26855, Note_off_c, 0, 100, 65
1, 26903, Control_c, 0, 64, 65
1, 26917, Control_c, 0, 64, 76
1, 26932, Control_c, 0, 64, 86
1, 26947, Control_c, 0, 64, 91
1, 26957, Note_on_c, 0, 91, 82
1, 26961, Note_off_c, 0, 96, 63
1, 26962, Control_c, 0, 64, 94
1, 26977, Control_c, 0, 64, 96
1, 26991, Control_c, 0, 64, 97
1, 27006, Control_c, 0, 64, 98
1, 27021, Note_off_c, 0, 91, 59
1, 27021, Control_c, 0, 64, 99
1, 27025, Note_on_c, 0, 88, 72
1, 27036, Control_c, 0, 64, 99
1, 27046, Note_off_c, 0, 88, 70
1, 27066, Control_c, 0, 64, 100
1, 27081, Control_c, 0, 64, 100
1, 27101, Note_off_c, 0, 64, 59
1, 27110, Control_c, 0, 64, 101
1, 27114, Note_on_c, 0, 84, 68
1, 27119, Note_off_c, 0, 60, 59
1, 27124, Note_off_c, 0, 67, 55
1, 27125, Control_c, 0, 64, 101
1, 27126, Note_on_c, 0, 86, 54
1, 27147, Control_c, 0, 64, 102
1, 27157, Note_off_c, 0, 86, 58
1, 27162, Control_c, 0, 64, 104
1, 27177, Control_c, 0, 64, 107
1, 27181, Note_off_c, 0, 55, 60
1, 27191, Control_c, 0, 64, 110
1, 27196, Note_on_c, 0, 79, 81
1, 27199, Note_off_c, 0, 84, 62
1, 27206, Control_c, 0, 64, 112
1, 27221, Control_c, 0, 64, 114
1, 27236, Control_c, 0, 64, 114
1, 27248, Note_off_c, 0, 79, 62
1, 27261, Note_on_c, 0, 76, 82
1, 27301, Note_off_c, 0, 76, 62
1, 27342, Note_on_c, 0, 72, 81
1, 27370, Control_c, 0, 64, 115
1, 27400, Control_c, 0, 64, 115
1, 27402, Note_off_c, 0, 72, 63
1, 27414, Note_on_c, 0, 67, 82
1, 27444, Control_c, 0, 64, 114
1, 27458, Note_off_c, 0, 67, 61
1, 27459, Control_c, 0, 64, 107
1, 27474, Control_c, 0, 64, 93
1, 27489, Control_c, 0, 64, 75
1, 27492, Note_on_c, 0, 60, 87
1, 27492, Note_on_c, 0, 64, 99
1, 27495, Note_on_c, 0, 57, 76
1, 27502, Note_on_c, 0, 52, 77
1, 27504, Control_c, 0, 64, 0
1, 27572, Note_on_c, 0, 69, 65
1, 27578, Control_c, 0, 64, 30
1, 27593, Control_c, 0, 64, 64
1, 27607, Control_c, 0, 64, 67
1, 27622, Control_c, 0, 64, 69
1, 27637, Control_c, 0, 64, 71
1, 27645, Note_off_c, 0, 69, 66
1, 27649, Note_on_c, 0, 72, 73
1, 27652, Control_c, 0, 64, 74
1, 27667, Control_c, 0, 64, 77
1, 27681, Control_c, 0, 64, 80
1, 27696, Control_c, 0, 64, 82
1, 27711, Control_c, 0, 64, 85
1, 27714, Note_off_c, 0, 57, 59
1, 27719, Note_off_c, 0, 60, 58
1, 27719, Note_off_c, 0, 72, 62
1, 27722, Note_on_c, 0, 76, 74
1, 27726, Control_c, 0, 64, 88
1, 27734, Note_off_c, 0, 64, 56
1, 27740, Control_c, 0, 64, 91
1, 27755, Control_c, 0, 64, 94
1, 27770, Control_c, 0, 64, 96
1, 27784, Note_on_c, 0, 81, 82
1, 27785, Control_c, 0, 64, 98
1, 27787, Note_off_c, 0, 76, 64
1, 27788, Note_off_c, 0, 52, 60
1, 27800, Control_c, 0, 64, 100
1, 27811, Note_off_c, 0, 81, 62
1, 27814, Control_c, 0, 64, 102
1, 27829, Control_c, 0, 64, 104
1, 27844, Control_c, 0, 64, 106
1, 27859, Control_c, 0, 64, 107
1, 27874, Note_on_c, 0, 84, 85
1, 27874, Control_c, 0, 64, 109
1, 27896, Control_c, 0, 64, 109
1, 27929, Note_off_c, 0, 84, 64
1, 27942, Note_on_c, 0, 88, 85
1, 27955, Control_c, 0, 64, 110
1, 27985, Control_c, 0, 64, 110
1, 28000, Control_c, 0, 64, 111
1, 28003, Note_off_c, 0, 88, 62
1, 28013, Note_on_c, 0, 96, 86
1, 28059, Control_c, 0, 64, 105
1, 28074, Control_c, 0, 64, 89
1, 28083, Note_on_c, 0, 91, 89
1, 28088, Control_c, 0, 64, 69
1, 28091, Note_off_c, 0, 96, 64
1, 28093, Note_on_c, 0, 60, 97
1, 28096, Note_on_c, 0, 55, 82
1, 28099, Note_on_c, 0, 48, 83
1, 28102, Note_on_c, 0, 52, 76
1, 28103, Control_c, 0, 64, 0
1, 28163, Control_c, 0, 64, 64
1, 28169, Note_on_c, 0, 88, 86
1, 28178, Control_c, 0, 64, 73
1, 28190, Note_off_c, 0, 91, 59
1, 28193, Control_c, 0, 64, 78
1, 28208, Control_c, 0, 64, 81
1, 28223, Control_c, 0, 64, 82
1, 28226, Note_off_c, 0, 88, 60
1, 28237, Note_on_c, 0, 84, 78
1, 28237, Control_c, 0, 64, 83
1, 28252, Control_c, 0, 64, 83
1, 28263, Note_off_c, 0, 84, 65
1, 28267, Control_c, 0, 64, 84
1, 28282, Control_c, 0, 64, 84
1, 28297, Control_c, 0, 64, 85
1, 28312, Control_c, 0, 64, 86
1, 28316, Note_on_c, 0, 79, 82
1, 28327, Control_c, 0, 64, 87
1, 28342, Note_off_c, 0, 60, 56
1, 28342, Control_c, 0, 64, 88
1, 28351, Note_off_c, 0, 55, 59
1, 28356, Control_c, 0, 64, 89
1, 28362, Note_off_c, 0, 52, 59
1, 28371, Control_c, 0, 64, 91
1, 28386, Control_c, 0, 64, 93
1, 28386, Note_on_c, 0, 76, 87
1, 28398, Note_off_c, 0, 48, 60
1, 28398, Note_off_c, 0, 79, 60
1, 28401, Control_c, 0, 64, 96
1, 28416, Control_c, 0, 64, 100
1, 28430, Control_c, 0, 64, 104
1, 28439, Note_off_c, 0, 76, 64
1, 28445, Control_c, 0, 64, 106
1, 28455, Note_on_c, 0, 72, 75
1, 28460, Control_c, 0, 64, 109
1, 28475, Control_c, 0, 64, 111
1, 28478, Note_off_c, 0, 72, 71
1, 28490, Control_c, 0, 64, 111
1, 28504, Control_c, 0, 64, 112
1, 28524, Note_on_c, 0, 67, 87
1, 28549, Control_c, 0, 64, 112
1, 28563, Control_c, 0, 64, 113
1, 28578, Control_c, 0, 64, 113
1, 28589, Note_on_c, 0, 64, 83
1, 28595, Note_off_c, 0, 67, 62
1, 28608, Control_c, 0, 64, 113
1, 28623, Control_c, 0, 64, 107
1, 28643, Note_off_c, 0, 64, 64
1, 28645, Control_c, 0, 64, 89
1, 28650, Note_on_c, 0, 57, 99
1, 28652, Note_on_c, 0, 52, 93
1, 28659, Note_on_c, 0, 48, 79
1, 28660, Control_c, 0, 64, 68
1, 28662, Note_on_c, 0, 45, 79
1, 28675, Control_c, 0, 64, 0
1, 28717, Note_on_c, 0, 60, 79
1, 28749, Control_c, 0, 64, 62
1, 28763, Control_c, 0, 64, 67
1, 28778, Control_c, 0, 64, 70
1, 28793, Control_c, 0, 64, 72
1, 28803, Note_on_c, 0, 64, 79
1, 28803, Note_off_c, 0, 60, 60
1, 28808, Control_c, 0, 64, 73
1, 28823, Control_c, 0, 64, 75
1, 28837, Control_c, 0, 64, 79
1, 28852, Control_c, 0, 64, 83
1, 28867, Control_c, 0, 64, 86
1, 28869, Note_off_c, 0, 64, 60
1, 28875, Note_on_c, 0, 69, 77
1, 28881, Control_c, 0, 64, 88
1, 28896, Control_c, 0, 64, 90
1, 28911, Control_c, 0, 64, 91
1, 28926, Control_c, 0, 64, 92
1, 28930, Note_off_c, 0, 69, 68
1, 28938, Note_on_c, 0, 72, 85
1, 28941, Control_c, 0, 64, 94
1, 28957, Control_c, 0, 64, 95
1, 28968, Note_off_c, 0, 72, 62
1, 28972, Control_c, 0, 64, 97
1, 28986, Control_c, 0, 64, 98
1, 29001, Control_c, 0, 64, 100
1, 29005, Note_off_c, 0, 48, 63
1, 29016, Control_c, 0, 64, 101
1, 29020, Note_off_c, 0, 52, 57
1, 29027, Note_off_c, 0, 45, 60
1, 29028, Note_on_c, 0, 76, 78
1, 29031, Control_c, 0, 64, 102
1, 29036, Note_off_c, 0, 57, 49
1, 29040, Note_on_c, 0, 77, 66
1, 29046, Control_c, 0, 64, 103
1, 29056, Note_off_c, 0, 77, 63
1, 29060, Control_c, 0, 64, 104
1, 29071, Note_off_c, 0, 76, 65
1, 29075, Control_c, 0, 64, 104
1, 29083, Note_on_c, 0, 81, 88
1, 29090, Control_c, 0, 64, 105
1, 29105, Control_c, 0, 64, 106
1, 29120, Control_c, 0, 64, 107
1, 29145, Note_on_c, 0, 88, 92
1, 29145, Note_off_c, 0, 81, 64
1, 29164, Control_c, 0, 64, 106
1, 29179, Control_c, 0, 64, 102
1, 29194, Control_c, 0, 64, 87
1, 29209, Control_c, 0, 64, 65
1, 29213, Note_on_c, 0, 52, 92
1, 29213, Note_on_c, 0, 55, 95
1, 29213, Note_on_c, 0, 84, 92
1, 29220, Note_on_c, 0, 48, 77
1, 29223, Note_on_c, 0, 43, 76
1, 29224, Control_c, 0, 64, 0
1, 29239, Note_off_c, 0, 88, 61
1, 29295, Note_on_c, 0, 79, 91
1, 29311, Note_off_c, 0, 84, 65
1, 29312, Control_c, 0, 64, 41
1, 29327, Control_c, 0, 64, 59
1, 29342, Control_c, 0, 64, 60
1, 29348, Note_off_c, 0, 79, 60
1, 29357, Control_c, 0, 64, 61
1, 29361, Note_on_c, 0, 76, 75
1, 29372, Control_c, 0, 64, 62
1, 29388, Note_off_c, 0, 76, 74
1, 29394, Control_c, 0, 64, 64
1, 29409, Control_c, 0, 64, 64
1, 29424, Control_c, 0, 64, 65
1, 29438, Note_on_c, 0, 72, 84
1, 29439, Control_c, 0, 64, 66
1, 29453, Control_c, 0, 64, 66
1, 29454, Note_off_c, 0, 52, 65
1, 29468, Control_c, 0, 64, 68
1, 29471, Note_off_c, 0, 48, 62
1, 29471, Note_off_c, 0, 55, 62
1, 29483, Control_c, 0, 64, 69
1, 29498, Control_c, 0, 64, 70
1, 29507, Note_on_c, 0, 67, 89
1, 29510, Note_off_c, 0, 72, 64
1, 29512, Control_c, 0, 64, 72
1, 29519, Note_off_c, 0, 43, 60
1, 29527, Control_c, 0, 64, 73
1, 29542, Control_c, 0, 64, 73
1, 29557, Control_c, 0, 64, 74
1, 29562, Note_off_c, 0, 67, 62
1, 29568, Note_on_c, 0, 64, 72
1, 29586, Control_c, 0, 64, 75
1, 29593, Note_off_c, 0, 64, 68
1, 29601, Control_c, 0, 64, 76
1, 29631, Control_c, 0, 64, 76
1, 29636, Note_on_c, 0, 60, 81
1, 29646, Control_c, 0, 64, 77
1, 29660, Control_c, 0, 64, 77
1, 29692, Note_off_c, 0, 60, 63
1, 29702, Note_on_c, 0, 55, 76
1, 29719, Control_c, 0, 64, 74
1, 29734, Note_off_c, 0, 55, 66
1, 29734, Control_c, 0, 64, 64
1, 29738, Note_on_c, 0, 48, 91
1, 29738, Note_on_c, 0, 52, 101
1, 29742, Note_on_c, 0, 45, 83
1, 29747, Note_on_c, 0, 40, 77
1, 29749, Control_c, 0, 64, 0
1, 29817, Note_on_c, 0, 57, 74
1, 29884, Note_off_c, 0, 57, 59
1, 29889, Note_on_c, 0, 60, 78
1, 29898, Control_c, 0, 64, 27
1, 29913, Control_c, 0, 64, 58
1, 29927, Control_c, 0, 64, 64
1, 29942, Control_c, 0, 64, 67
1, 29946, Note_off_c, 0, 60, 60
1, 29949, Note_on_c, 0, 64, 75
1, 29957, Control_c, 0, 64, 70
1, 29972, Control_c, 0, 64, 73
1, 29975, Note_off_c, 0, 48, 65
1, 29981, Note_off_c, 0, 45, 64
1, 29984, Note_off_c, 0, 52, 65
1, 29987, Control_c, 0, 64, 78
1, 29999, Note_on_c, 0, 65, 39
1, 30001, Note_on_c, 0, 69, 79
1, 30002, Note_off_c, 0, 64, 64
1, 30002, Control_c, 0, 64, 80
1, 30017, Control_c, 0, 64, 82
1, 30023, Note_off_c, 0, 69, 73
1, 30026, Note_off_c, 0, 40, 64
1, 30027, Note_off_c, 0, 65, 50
1, 30032, Control_c, 0, 64, 83
1, 30047, Control_c, 0, 64, 84
1, 30062, Control_c, 0, 64, 85
1, 30074, Note_on_c, 0, 72, 87
1, 30077, Control_c, 0, 64, 86
1, 30091, Control_c, 0, 64, 88
1, 30106, Control_c, 0, 64, 88
1, 30121, Control_c, 0, 64, 89
1, 30132, Note_off_c, 0, 72, 62
1, 30134, Note_on_c, 0, 76, 86
1, 30183, Note_off_c, 0, 76, 67
1, 30185, Note_on_c, 0, 84, 91
1, 30188, Control_c, 0, 64, 86
1, 30203, Control_c, 0, 64, 78
1, 30217, Control_c, 0, 64, 64
1, 30232, Control_c, 0, 64, 0
1, 30234, Note_on_c, 0, 48, 105
1, 30241, Note_on_c, 0, 36, 90
1, 30241, Note_on_c, 0, 43, 86
1, 30242, Note_on_c, 0, 40, 85
1, 30245, Note_on_c, 0, 79, 100
1, 30261, Note_off_c, 0, 84, 68
1, 30321, Note_on_c, 0, 76, 95
1, 30344, Note_off_c, 0, 79, 61
1, 30370, Note_off_c, 0, 76, 66
1, 30396, Note_on_c, 0, 72, 71
1, 30410, Control_c, 0, 64, 58
1, 30418, Note_off_c, 0, 72, 71
1, 30425, Control_c, 0, 64, 65
1, 30440, Control_c, 0, 64, 67
1, 30455, Control_c, 0, 64, 69
1, 30460, Note_on_c, 0, 67, 89
1, 30470, Control_c, 0, 64, 72
1, 30484, Control_c, 0, 64, 73
1, 30499, Control_c, 0, 64, 75
1, 30509, Note_off_c, 0, 48, 63
1, 30514, Control_c, 0, 64, 76
1, 30524, Note_off_c, 0, 43, 61
1, 30528, Note_on_c, 0, 64, 89
1, 30528, Control_c, 0, 64, 77
1, 30533, Note_off_c, 0, 40, 63
1, 30542, Note_off_c, 0, 67, 59
1, 30543, Control_c, 0, 64, 78
1, 30559, Control_c, 0, 64, 78
1, 30560, Note_off_c, 0, 36, 63
1, 30589, Control_c, 0, 64, 79
1, 30592, Note_on_c, 0, 60, 78
1, 30592, Note_off_c, 0, 64, 63
1, 30616, Note_off_c, 0, 60, 68
1, 30664, Note_on_c, 0, 55, 87
1, 30697, Note_on_c, 0, 57, 44
1, 30726, Note_off_c, 0, 55, 58
1, 30727, Note_off_c, 0, 57, 50
1, 30728, Note_on_c, 0, 52, 90
1, 30751, Control_c, 0, 64, 78
1, 30766, Control_c, 0, 64, 74
1, 30774, Note_off_c, 0, 52, 66
1, 30781, Control_c, 0, 64, 63
1, 30782, Note_on_c, 0, 45, 98
1, 30783, Note_on_c, 0, 40, 91
1, 30789, Note_on_c, 0, 36, 80
1, 30791, Note_on_c, 0, 33, 81
1, 30796, Control_c, 0, 64, 0
1, 30856, Note_on_c, 0, 48, 80
1, 30942, Note_off_c, 0, 48, 65
1, 30948, Note_on_c, 0, 52, 82
1, 31018, Note_off_c, 0, 52, 62
1, 31025, Note_on_c, 0, 57, 73
1, 31070, Control_c, 0, 64, 59
1, 31084, Control_c, 0, 64, 65
1, 31090, Note_on_c, 0, 60, 86
1, 31097, Note_off_c, 0, 57, 63
1, 31099, Control_c, 0, 64, 69
1, 31114, Control_c, 0, 64, 73
1, 31123, Note_off_c, 0, 60, 65
1, 31129, Control_c, 0, 64, 77
1, 31144, Control_c, 0, 64, 81
1, 31159, Control_c, 0, 64, 84
1, 31173, Control_c, 0, 64, 87
1, 31179, Note_on_c, 0, 64, 94
1, 31188, Control_c, 0, 64, 88
1, 31203, Control_c, 0, 64, 89
1, 31210, Note_off_c, 0, 36, 59
1, 31218, Control_c, 0, 64, 89
1, 31225, Note_off_c, 0, 40, 55
1, 31233, Control_c, 0, 64, 90
1, 31236, Note_off_c, 0, 33, 60
1, 31238, Note_off_c, 0, 64, 58
1, 31247, Note_on_c, 0, 69, 95
1, 31248, Control_c, 0, 64, 91
1, 31254, Note_off_c, 0, 45, 60
1, 31263, Control_c, 0, 64, 93
1, 31277, Control_c, 0, 64, 94
1, 31292, Control_c, 0, 64, 96
1, 31307, Control_c, 0, 64, 98
1, 31322, Control_c, 0, 64, 99
1, 31329, Note_on_c, 0, 76, 90
1, 31334, Note_off_c, 0, 69, 65
1, 31337, Control_c, 0, 64, 101
1, 31352, Control_c, 0, 64, 101
1, 31372, Note_off_c, 0, 76, 69
1, 31382, Control_c, 0, 64, 101
1, 31397, Control_c, 0, 64, 97
1, 31412, Control_c, 0, 64, 87
1, 31427, Note_on_c, 0, 40, 101
1, 31427, Control_c, 0, 64, 67
1, 31427, Note_on_c, 0, 43, 103
1, 31427, Note_on_c, 0, 72, 98
1, 31434, Note_on_c, 0, 36, 78
1, 31436, Note_on_c, 0, 31, 81
1, 31442, Control_c, 0, 64, 0
1, 31590, Control_c, 0, 64, 54
1, 31592, Note_on_c, 0, 67, 93
1, 31605, Control_c, 0, 64, 63
1, 31609, Note_off_c, 0, 72, 61
1, 31620, Control_c, 0, 64, 66
1, 31642, Control_c, 0, 64, 68
1, 31656, Control_c, 0, 64, 70
1, 31671, Control_c, 0, 64, 72
1, 31686, Control_c, 0, 64, 73
1, 31690, Note_on_c, 0, 64, 87
1, 31692, Note_off_c, 0, 67, 61
1, 31718, Note_off_c, 0, 64, 66
1, 31746, Control_c, 0, 64, 73
1, 31776, Note_on_c, 0, 60, 90
1, 31847, Note_off_c, 0, 40, 60
1, 31882, Note_on_c, 0, 55, 89
1, 31883, Note_off_c, 0, 43, 55
1, 31890, Note_off_c, 0, 36, 59
1, 31899, Note_off_c, 0, 60, 61
1, 31944, Note_off_c, 0, 31, 56
1, 31966, Note_off_c, 0, 55, 59
1, 31991, Note_on_c, 0, 50, 77
1, 31994, Note_on_c, 0, 52, 71
1, 32022, Note_off_c, 0, 50, 65
1, 32025, Note_off_c, 0, 52, 69
1, 32080, Note_on_c, 0, 48, 93
1, 32146, Note_off_c, 0, 48, 65
1, 32197, Note_on_c, 0, 43, 98
1, 32205, Control_c, 0, 64, 74
1, 32253, Note_off_c, 0, 43, 56
1, 32369, Control_c, 0, 64, 74
1, 32405, Control_c, 0, 64, 75
1, 32435, Control_c, 0, 64, 75
1, 32465, Control_c, 0, 64, 76
1, 32509, Control_c, 0, 64, 75
1, 32524, Control_c, 0, 64, 73
1, 32539, Control_c, 0, 64, 66
1, 32548, Note_on_c, 0, 41, 112
1, 32554, Control_c, 0, 64, 24
1, 32554, Note_on_c, 0, 29, 93
1, 32554, Note_on_c, 0, 36, 92
1, 32557, Note_on_c, 0, 33, 87
1, 32569, Control_c, 0, 64, 0
1, 32886, Note_on_c, 0, 45, 96
1, 32909, Control_c, 0, 64, 47
1, 32923, Control_c, 0, 64, 56
1, 32938, Control_c, 0, 64, 60
1, 32954, Control_c, 0, 64, 62
1, 32969, Control_c, 0, 64, 64
1, 32983, Control_c, 0, 64, 65
1, 32998, Control_c, 0, 64, 66
1, 33013, Control_c, 0, 64, 67
1, 33024, Note_off_c, 0, 45, 62
1, 33027, Control_c, 0, 64, 68
1, 33042, Control_c, 0, 64, 69
1, 33057, Control_c, 0, 64, 69
1, 33101, Control_c, 0, 64, 70
1, 33110, Note_on_c, 0, 48, 95
1, 33138, Control_c, 0, 64, 70
1, 33153, Control_c, 0, 64, 71
1, 33168, Control_c, 0, 64, 71
1, 33172, Note_off_c, 0, 48, 66
1, 33197, Control_c, 0, 64, 72
1, 33227, Control_c, 0, 64, 72
1, 33286, Note_on_c, 0, 53, 93
1, 33301, Control_c, 0, 64, 73
1, 33316, Control_c, 0, 64, 73
1, 33331, Control_c, 0, 64, 74
1, 33375, Control_c, 0, 64, 71
1, 33390, Control_c, 0, 64, 65
1, 33405, Control_c, 0, 64, 21
1, 33420, Control_c, 0, 64, 0
1, 33439, Note_off_c, 0, 53, 64
1, 33442, Note_on_c, 0, 57, 91
1, 33449, Control_c, 0, 64, 10
1, 33464, Control_c, 0, 64, 57
1, 33478, Control_c, 0, 64, 63
1, 33493, Control_c, 0, 64, 65
1, 33508, Control_c, 0, 64, 67
1, 33516, Note_off_c, 0, 57, 61
1, 33523, Control_c, 0, 64, 69
1, 33538, Control_c, 0, 64, 70
1, 33552, Control_c, 0, 64, 71
1, 33582, Note_on_c, 0, 60, 88
1, 33597, Control_c, 0, 64, 71
1, 33612, Control_c, 0, 64, 72
1, 33627, Control_c, 0, 64, 72
1, 33628, Note_off_c, 0, 60, 63
1, 33657, Control_c, 0, 64, 73
1, 33700, Note_on_c, 0, 65, 93
1, 33701, Control_c, 0, 64, 73
1, 33767, Note_off_c, 0, 65, 64
1, 33776, Control_c, 0, 64, 74
1, 33800, Note_on_c, 0, 69, 91
1, 33806, Control_c, 0, 64, 74
1, 33853, Note_off_c, 0, 69, 66
1, 33904, Note_on_c, 0, 72, 92
1, 33916, Control_c, 0, 64, 75
1, 33939, Note_off_c, 0, 72, 68
1, 33976, Control_c, 0, 64, 75
1, 34000, Note_on_c, 0, 77, 96
1, 34004, Note_off_c, 0, 29, 27
1, 34019, Note_off_c, 0, 36, 20
1, 34024, Note_off_c, 0, 41, 22
1, 34050, Note_off_c, 0, 33, 33
1, 34068, Note_off_c, 0, 77, 50
1, 34077, Note_on_c, 0, 81, 92
1, 34080, Control_c, 0, 64, 76
1, 34124, Control_c, 0, 64, 76
1, 34154, Note_on_c, 0, 84, 90
1, 34163, Note_off_c, 0, 81, 60
1, 34183, Control_c, 0, 64, 77
1, 34198, Control_c, 0, 64, 77
1, 34213, Control_c, 0, 64, 78
1, 34228, Control_c, 0, 64, 79
1, 34232, Note_on_c, 0, 89, 89
1, 34236, Note_off_c, 0, 84, 65
1, 34243, Control_c, 0, 64, 80
1, 34257, Control_c, 0, 64, 81
1, 34271, Note_off_c, 0, 89, 64
1, 34280, Poly_aftertouch_c, 0, 86, 0
1, 34301, Control_c, 0, 64, 79
1, 34316, Control_c, 0, 64, 72
1, 34331, Control_c, 0, 64, 44
1, 34340, Note_on_c, 0, 29, 84
1, 34340, Note_on_c, 0, 41, 89
1, 34342, Note_on_c, 0, 36, 80
1, 34343, Note_on_c, 0, 93, 112
1, 34345, Note_on_c, 0, 33, 79
1, 34345, Note_on_c, 0, 84, 96
1, 34345, Note_on_c, 0, 89, 92
1, 34346, Control_c, 0, 64, 0
1, 34402, Note_off_c, 0, 29, 62
1, 34436, Note_off_c, 0, 33, 64
1, 34443, Note_off_c, 0, 84, 31
1, 34445, Note_off_c, 0, 36, 62
1, 34449, Control_c, 0, 64, 50
1, 34464, Control_c, 0, 64, 65
1, 34468, Note_off_c, 0, 41, 63
1, 34480, Control_c, 0, 64, 68
1, 34494, Control_c, 0, 64, 72
1, 34509, Control_c, 0, 64, 74
1, 34524, Control_c, 0, 64, 77
1, 34528, Note_on_c, 0, 96, 87
1, 34539, Note_off_c, 0, 89, 64
1, 34539, Control_c, 0, 64, 78
1, 34555, Control_c, 0, 64, 80
1, 34569, Note_off_c, 0, 93, 58
1, 34570, Control_c, 0, 64, 80
1, 34652, Control_c, 0, 64, 81
1, 34680, Note_on_c, 0, 89, 85
1, 34700, Note_off_c, 0, 96, 57
1, 34817, Note_on_c, 0, 84, 73
1, 34859, Control_c, 0, 64, 81
1, 34867, Note_off_c, 0, 89, 61
1, 34874, Control_c, 0, 64, 83
1, 34888, Control_c, 0, 64, 85
1, 34894, Note_off_c, 0, 84, 64
1, 34903, Control_c, 0, 64, 87
1, 34918, Control_c, 0, 64, 87
1, 34964, Note_on_c, 0, 69, 95
1, 34966, Note_on_c, 0, 57, 81
1, 34966, Note_on_c, 0, 65, 87
1, 34969, Note_on_c, 0, 93, 102
1, 34970, Note_on_c, 0, 89, 95
1, 34974, Note_on_c, 0, 84, 97
1, 34977, Note_on_c, 0, 60, 79
1, 34997, Note_off_c, 0, 69, 68
1, 35015, Note_off_c, 0, 57, 62
1, 35020, Note_off_c, 0, 84, 58
1, 35021, Note_off_c, 0, 65, 66
1, 35032, Note_off_c, 0, 60, 60
1, 35133, Note_on_c, 0, 96, 93
1, 35156, Note_off_c, 0, 89, 62
1, 35162, Note_off_c, 0, 93, 60
1, 35170, Control_c, 0, 64, 88
1, 35311, Note_on_c, 0, 89, 95
1, 35367, Note_off_c, 0, 96, 46
1, 35495, Note_on_c, 0, 84, 83
1, 35543, Note_off_c, 0, 89, 55
1, 35577, Control_c, 0, 64, 88
1, 35592, Control_c, 0, 64, 89
1, 35607, Control_c, 0, 64, 92
1, 35613, Note_off_c, 0, 84, 62
1, 35621, Control_c, 0, 64, 96
1, 35636, Control_c, 0, 64, 99
1, 35651, Control_c, 0, 64, 100
1, 35681, Control_c, 0, 64, 98
1, 35695, Control_c, 0, 64, 89
1, 35705, Note_on_c, 0, 36, 84
1, 35706, Note_on_c, 0, 93, 100
1, 35707, Note_on_c, 0, 41, 94
1, 35707, Note_on_c, 0, 84, 97
1, 35707, Note_on_c, 0, 89, 100
1, 35710, Note_on_c, 0, 33, 80
1, 35710, Control_c, 0, 64, 70
1, 35711, Note_on_c, 0, 29, 85
1, 35725, Control_c, 0, 64, 0
1, 35800, Control_c, 0, 64, 56
1, 35815, Control_c, 0, 64, 66
1, 35829, Control_c, 0, 64, 70
1, 35844, Control_c, 0, 64, 74
1, 35851, Note_off_c, 0, 84, 58
1, 35859, Control_c, 0, 64, 79
1, 35873, Control_c, 0, 64, 82
1, 35888, Control_c, 0, 64, 84
1, 35903, Control_c, 0, 64, 86
1, 35918, Control_c, 0, 64, 88
1, 35933, Control_c, 0, 64, 91
1, 35935, Note_on_c, 0, 98, 94
1, 35945, Note_off_c, 0, 89, 61
1, 35947, Control_c, 0, 64, 93
1, 35956, Note_off_c, 0, 93, 61
1, 35962, Control_c, 0, 64, 96
1, 35977, Control_c, 0, 64, 98
1, 35978, Note_off_c, 0, 98, 65
1, 35992, Control_c, 0, 64, 99
1, 36007, Control_c, 0, 64, 100
1, 36009, Note_off_c, 0, 29, 57
1, 36021, Control_c, 0, 64, 102
1, 36036, Control_c, 0, 64, 103
1, 36051, Control_c, 0, 64, 104
1, 36056, Note_off_c, 0, 33, 52
1, 36061, Note_off_c, 0, 36, 60
1, 36065, Control_c, 0, 64, 105
1, 36070, Note_off_c, 0, 41, 33
1, 36080, Control_c, 0, 64, 105
1, 36095, Control_c, 0, 64, 106
1, 36110, Control_c, 0, 64, 106
1, 36133, Control_c, 0, 64, 107
1, 36193, Control_c, 0, 64, 107
1, 36232, Note_on_c, 0, 89, 111
1, 36238, Control_c, 0, 64, 108
1, 36276, Note_off_c, 0, 89, 63
1, 36341, Control_c, 0, 64, 108
1, 36604, Note_on_c, 0, 84, 117
1, 36642, Note_off_c, 0, 84, 67
1, 36899, Note_on_c, 0, 36, 97
1, 36926, Control_c, 0, 64, 104
1, 36941, Control_c, 0, 64, 90
1, 36956, Control_c, 0, 64, 69
1, 36971, Control_c, 0, 64, 0
1, 37061, Control_c, 0, 64, 60
1, 37075, Control_c, 0, 64, 65
1, 37090, Control_c, 0, 64, 69
1, 37105, Control_c, 0, 64, 74
1, 37119, Control_c, 0, 64, 80
1, 37134, Control_c, 0, 64, 85
1, 37135, Note_on_c, 0, 40, 91
1, 37149, Control_c, 0, 64, 87
1, 37153, Note_off_c, 0, 36, 61
1, 37164, Control_c, 0, 64, 89
1, 37179, Control_c, 0, 64, 90
1, 37193, Control_c, 0, 64, 91
1, 37208, Control_c, 0, 64, 92
1, 37223, Control_c, 0, 64, 93
1, 37238, Control_c, 0, 64, 94
1, 37253, Control_c, 0, 64, 94
1, 37273, Note_on_c, 0, 43, 94
1, 37282, Control_c, 0, 64, 95
1, 37312, Control_c, 0, 64, 95
1, 37371, Control_c, 0, 64, 96
1, 37386, Note_off_c, 0, 40, 62
1, 37401, Note_on_c, 0, 48, 97
1, 37429, Note_off_c, 0, 43, 63
1, 37445, Control_c, 0, 64, 96
1, 37466, Note_off_c, 0, 48, 66
1, 37534, Control_c, 0, 64, 97
1, 37579, Control_c, 0, 64, 97
1, 37608, Control_c, 0, 64, 98
1, 37630, Control_c, 0, 64, 98
1, 37645, Control_c, 0, 64, 99
1, 37660, Control_c, 0, 64, 99
1, 37690, Control_c, 0, 64, 100
1, 37720, Control_c, 0, 64, 101
1, 37734, Control_c, 0, 64, 101
1, 37749, Control_c, 0, 64, 102
1, 37764, Control_c, 0, 64, 102
1, 37779, Control_c, 0, 64, 103
1, 37809, Control_c, 0, 64, 103
1, 37839, Control_c, 0, 64, 104
1, 37883, Control_c, 0, 64, 104
1, 37942, Control_c, 0, 64, 105
1, 37987, Control_c, 0, 64, 105
1, 38031, Control_c, 0, 64, 106
1, 38046, Control_c, 0, 64, 106
1, 38061, Control_c, 0, 64, 107
1, 38075, Control_c, 0, 64, 108
1, 38090, Control_c, 0, 64, 109
1, 38105, Control_c, 0, 64, 109
1, 38120, Control_c, 0, 64, 110
1, 38135, Control_c, 0, 64, 111
1, 38147, Note_on_c, 0, 100, 104
1, 38148, Note_on_c, 0, 88, 111
1, 38149, Note_on_c, 0, 91, 100
1, 38155, Note_on_c, 0, 72, 102
1, 38156, Note_on_c, 0, 60, 87
1, 38159, Note_on_c, 0, 67, 86
1, 38161, Note_on_c, 0, 64, 81
1, 38164, Control_c, 0, 64, 111
1, 38180, Note_on_c, 0, 98, 53
1, 38208, Note_off_c, 0, 98, 36
1, 39877, Control_c, 0, 64, 112
1, 40806, Note_off_c, 0, 100, 61
1, 40827, Note_off_c, 0, 88, 60
1, 40833, Control_c, 0, 64, 111
1, 40842, Note_off_c, 0, 60, 59
1, 40843, Note_off_c, 0, 91, 63
1, 40847, Note_off_c, 0, 72, 60
1, 40861, Note_off_c, 0, 64, 62
1, 40862, Control_c, 0, 64, 111
1, 40863, Note_off_c, 0, 67, 59
1, 40877, Control_c, 0, 64, 110
1, 40892, Control_c, 0, 64, 109
1, 40907, Control_c, 0, 64, 108
1, 40922, Control_c, 0, 64, 107
1, 40938, Control_c, 0, 64, 105
1, 40953, Control_c, 0, 64, 104
1, 40967, Control_c, 0, 64, 100
1, 40982, Control_c, 0, 64, 96
1, 40997, Control_c, 0, 64, 92
1, 41012, Control_c, 0, 64, 88
1, 41027, Control_c, 0, 64, 84
1, 41041, Control_c, 0, 64, 80
1, 41056, Control_c, 0, 64, 75
1, 41071, Control_c, 0, 64, 71
1, 41085, Control_c, 0, 64, 67
1, 41100, Control_c, 0, 64, 63
1, 41115, Control_c, 0, 64, 62
1, 41159, Control_c, 0, 64, 61
1, 41174, Control_c, 0, 64, 60
1, 41189, Control_c, 0, 64, 57
1, 41204, Control_c, 0, 64, 54
1, 41220, Control_c, 0, 64, 51
1, 41234, Control_c, 0, 64, 48
1, 41249, Control_c, 0, 64, 46
1, 41264, Control_c, 0, 64, 42
1, 41279, Control_c, 0, 64, 34
1, 41294, Control_c, 0, 64, 24
1, 41309, Control_c, 0, 64, 13
1, 41323, Control_c, 0, 64, 0
1, 41323, End_track
0, 0, End_of_file
